2L:12311..12603	2L:12311..12603	 R4:   R5:   R6:  
2L:15062..15431	2L:15062..15431	 R4:   R5:   R6:  
2L:110916..111161	2L:110916..111161	 R4:   R5:   R6:  
2L:119724..120008	2L:119724..120008	 R4:   R5:   R6:  
2L:120624..121662	2L:120624..121662	 R4:   R5:   R6:  
2L:122117..122571	2L:122117..122571	 R4:   R5:   R6:  
2L:123064..123668	2L:123064..123668	 R4:   R5:   R6:  
2L:124054..124326	2L:124054..124326	 R4:   R5:   R6:  
2L:135091..135471	2L:135091..135471	 R4:   R5:   R6:  
2L:166051..166265	2L:166051..166265	 R4:   R5:   R6:  
2L:247196..247828	2L:247196..247828	 R4:   R5:   R6:  
2L:306749..307066	2L:306749..307066	 R4:   R5:   R6:  
2L:308340..308702	2L:308340..308702	 R4:   R5:   R6:  
2L:308764..309671	2L:308764..309671	 R4:   R5:   R6:  
2L:432942..433176	2L:431277..431511	 R4:   R5:   R6:  
2L:470137..471309	2L:468472..469644	 R4:   R5:   R6:  
2L:479267..479578	2L:477602..477913	 R4:   R5:   R6:  
2L:480408..481494	2L:478743..479829	 R4:   R5:   R6:  
2L:483444..484509	2L:481779..482844	 R4:   R5:   R6:  
2L:484884..485297	2L:483219..483632	 R4:   R5:   R6:  
2L:485691..486109	2L:484026..484444	 R4:   R5:   R6:  
2L:487450..487767	2L:485785..486102	 R4:   R5:   R6:  
2L:489488..489805	2L:487823..488140	 R4:   R5:   R6:  
2L:521655..522509	2L:519990..520844	 R4:   R5:   R6:  
2L:522785..523015	2L:521120..521350	 R4:   R5:   R6:  
2L:889825..890141	2L:888160..888476	 R4:   R5:   R6:  
2L:1048509..1048878	2L:1046843..1047212	 R4:   R5:   R6:  
2L:1073476..1073987	2L:1071810..1072321	 R4:   R5:   R6:  
2L:1075604..1076158	2L:1073938..1074492	 R4:   R5:   R6:  
2L:1093107..1093838	2L:1091441..1092172	 R4:   R5:   R6:  
2L:1119060..1120399	2L:1117394..1118733	 R4:   R5:   R6:  
2L:1120678..1120879	2L:1119012..1119213	 R4:   R5:   R6:  
2L:1144688..1145320	2L:1143022..1143654	 R4:   R5:   R6:  
2L:1184495..1185999	2L:1182829..1184333	 R4:   R5:   R6:  
2L:1426608..1427200	2L:1424942..1425534	 R4:   R5:   R6:  
2L:1631622..1631848	2L:1629956..1630182	 R4:   R5:   R6:  
2L:1632530..1632736	2L:1630864..1631070	 R4:   R5:   R6:  
2L:1633226..1634740	2L:1631560..1633074	 R4:   R5:   R6:  
2L:1638710..1638911	2L:1637044..1637245	 R4:   R5:   R6:  
2L:1708863..1709873	2L:1707198..1708208	 R4:   R5:   R6:  
2L:1736930..1737393	2L:1735265..1735728	 R4:   R5:   R6:  
2L:1833147..1833430	2L:1831482..1831765	 R4:   R5:   R6:  
2L:1907040..1907365	2L:1905375..1905700	 R4:   R5:   R6:  
2L:1974303..1974664	2L:1972638..1972999	 R4:   R5:   R6:  
2L:1981175..1982327	2L:1979510..1980662	 R4:   R5:   R6:  
2L:2014261..2014485	2L:2012596..2012820	 R4:   R5:   R6:  
2L:2014739..2015048	2L:2013074..2013383	 R4:   R5:   R6:  
2L:2166368..2166808	2L:2173801..2174241	 R4:   R5:   R6:  
2L:2170889..2171464	2L:2178322..2178897	 R4:   R5:   R6:  
2L:2178348..2178597	2L:2185781..2186030	 R4:   R5:   R6:  
2L:2179399..2180254	2L:2186832..2187687	 R4:   R5:   R6:  
2L:2191558..2192264	2L:2198991..2199697	 R4:   R5:   R6:  
2L:2438925..2439263	2L:2446358..2446696	 R4:   R5:   R6:  
2L:2723123..2723486	2L:2730554..2730917	 R4:   R5:   R6:  
2L:2734377..2734660	2L:2741808..2742091	 R4:   R5:   R6:  
2L:2734818..2735326	2L:2742249..2742757	 R4:   R5:   R6:  
2L:2751302..2752371	2L:2758733..2759802	 R4:   R5:   R6:  
2L:2753717..2753948	2L:2761148..2761379	 R4:   R5:   R6:  
2L:2757518..2757734	2L:2764949..2765165	 R4:   R5:   R6:  
2L:2864545..2864842	2L:2871976..2872273	 R4:   R5:   R6:  
2L:2871921..2874036	2L:2879352..2881467	 R4:   R5:   R6:  
2L:2877280..2877544	2L:2884711..2884975	 R4:   R5:   R6:  
2L:2886328..2886696	2L:2893759..2894127	 R4:   R5:   R6:  
2L:3058895..3059162	2L:3066326..3066593	 R4:   R5:   R6:  
2L:3170619..3170839	2L:3178050..3178270	 R4:   R5:   R6:  
2L:3302116..3302902	2L:3309547..3310333	 R4:   R5:   R6:  
2L:3338893..3339202	2L:3346324..3346633	 R4:   R5:   R6:  
2L:3476428..3478303	2L:3483859..3485734	 R4:   R5:   R6:  
2L:3524655..3525105	2L:3532086..3532536	 R4:   R5:   R6:  
2L:3572966..3573630	2L:3580397..3581061	 R4:   R5:   R6:  
2L:3775865..3776580	2L:3783296..3784011	 R4:   R5:   R6:  
2L:3778978..3779746	2L:3786409..3787177	 R4:   R5:   R6:  
2L:3791081..3791693	2L:3798512..3799124	 R4:   R5:   R6:  
2L:3888949..3889622	2L:3896380..3897053	 R4:   R5:   R6:  
2L:4030534..4030834	2L:4037965..4038265	 R4:   R5:   R6:  
2L:4218854..4219289	2L:4226285..4226720	 R4:   R5:   R6:  
2L:4333311..4333864	2L:4340742..4341295	 R4:   R5:   R6:  
2L:4347749..4348078	2L:4355180..4355509	 R4:   R5:   R6:  
2L:4422141..4422350	2L:4429572..4429781	 R4:   R5:   R6:  
2L:4808206..4808601	2L:4815637..4816032	 R4:   R5:   R6:  
2L:4810652..4811428	2L:4818083..4818859	 R4:   R5:   R6:  
2L:4854785..4855399	2L:4862216..4862830	 R4:   R5:   R6:  
2L:4996373..4996609	2L:5003802..5004038	 R4:   R5:   R6:  
2L:5063247..5063878	2L:5070676..5071307	 R4:   R5:   R6:  
2L:5107618..5108309	2L:5115047..5115738	 R4:   R5:   R6:  
2L:5210074..5210534	2L:5217503..5217963	 R4:   R5:   R6:  
2L:5302799..5303001	2L:5310228..5310430	 R4:   R5:   R6:  
2L:5560628..5560855	2L:5568413..5568640	 R4:   R5:   R6:  
2L:5725770..5726041	2L:5733555..5733826	 R4:   R5:   R6:  
2L:5777087..5777879	2L:5784872..5785664	 R4:   R5:   R6:  
2L:5777995..5778867	2L:5785780..5786652	 R4:   R5:   R6:  
2L:5781138..5781521	2L:5788923..5789306	 R4:   R5:   R6:  
2L:5804748..5805009	2L:5812533..5812794	 R4:   R5:   R6:  
2L:5907580..5907994	2L:5915365..5915779	 R4:   R5:   R6:  
2L:5971749..5972633	2L:5979534..5980418	 R4:   R5:   R6:  
2L:6065833..6066543	2L:6073618..6074328	 R4:   R5:   R6:  
2L:6084817..6085169	2L:6092602..6092954	 R4:   R5:   R6:  
2L:6086912..6087126	2L:6094697..6094911	 R4:   R5:   R6:  
2L:6470434..6470799	2L:6478218..6478583	 R4:   R5:   R6:  
2L:6471065..6471452	2L:6478849..6479236	 R4:   R5:   R6:  
2L:6471721..6473800	2L:6479505..6481584	 R4:   R5:   R6:  
2L:6540088..6540486	2L:6547872..6548270	 R4:   R5:   R6:  
2L:6656647..6657024	2L:6664431..6664808	 R4:   R5:   R6:  
2L:6668271..6668580	2L:6676055..6676364	 R4:   R5:   R6:  
2L:6716125..6716623	2L:6723909..6724407	 R4:   R5:   R6:  
2L:6788007..6788883	2L:6795791..6796667	 R4:   R5:   R6:  
2L:6918501..6919464	2L:6926270..6927233	 R4:   R5:   R6:  
2L:6968251..6969728	2L:6976020..6977497	 R4:   R5:   R6:  
2L:6969827..6970135	2L:6977596..6977904	 R4:   R5:   R6:  
2L:7044201..7044402	2L:7051970..7052171	 R4:   R5:   R6:  
2L:7047967..7049392	2L:7055736..7057161	 R4:   R5:   R6:  
2L:7064397..7064711	2L:7072166..7072480	 R4:   R5:   R6:  
2L:7064926..7065154	2L:7072695..7072923	 R4:   R5:   R6:  
2L:7218954..7219470	2L:7226723..7227239	 R4:   R5:   R6:  
2L:7386674..7386877	2L:7394443..7394646	 R4:   R5:   R6:  
2L:7386940..7387905	2L:7394709..7395674	 R4:   R5:   R6:  
2L:7396846..7397563	2L:7404615..7405332	 R4:   R5:   R6:  
2L:7433643..7434535	2L:7441412..7442304	 R4:   R5:   R6:  
2L:7494048..7494249	2L:7501817..7502018	 R4:   R5:   R6:  
2L:7573243..7573522	2L:7581012..7581291	 R4:   R5:   R6:  
2L:7685694..7686097	2L:7693463..7693866	 R4:   R5:   R6:  
2L:7728780..7729123	2L:7736549..7736892	 R4:   R5:   R6:  
2L:7730287..7730572	2L:7738056..7738341	 R4:   R5:   R6:  
2L:7736359..7736680	2L:7744128..7744449	 R4:   R5:   R6:  
2L:7810004..7810271	2L:7817773..7818040	 R4:   R5:   R6:  
2L:7837020..7837782	2L:7844789..7845551	 R4:   R5:   R6:  
2L:7871747..7872341	2L:7879516..7880110	 R4:   R5:   R6:  
2L:7973761..7974175	2L:7981530..7981944	 R4:   R5:   R6:  
2L:7985028..7985327	2L:7992797..7993096	 R4:   R5:   R6:  
2L:8009549..8010181	2L:8017318..8017950	 R4:   R5:   R6:  
2L:8204888..8205654	2L:8212657..8213423	 R4:   R5:   R6:  
2L:8205706..8206087	2L:8213475..8213856	 R4:   R5:   R6:  
2L:8304861..8305107	2L:8312630..8312876	 R4:   R5:   R6:  
2L:8420535..8421313	2L:8428304..8429082	 R4:   R5:   R6:  
2L:8541887..8542239	2L:8549656..8550008	 R4:   R5:   R6:  
2L:8684029..8684532	2L:8691798..8692301	 R4:   R5:   R6:  
2L:8684603..8684871	2L:8692372..8692640	 R4:   R5:   R6:  
2L:8697979..8698329	2L:8705748..8706098	 R4:   R5:   R6:  
2L:8738178..8738541	2L:8745947..8746310	 R4:   R5:   R6:  
2L:8989654..8990507	2L:8997423..8998276	 R4:   R5:   R6:  
2L:9235345..9235551	2L:9243110..9243316	 R4:   R5:   R6:  
2L:9438327..9438533	2L:9446092..9446298	 R4:   R5:   R6:  
2L:9497310..9497973	2L:9505081..9505744	 R4:   R5:   R6:  
2L:9498131..9498593	2L:9505902..9506364	 R4:   R5:   R6:  
2L:9502939..9503266	2L:9510710..9511037	 R4:   R5:   R6:  
2L:9568105..9568359	2L:9575876..9576130	 R4:   R5:   R6:  
2L:9753310..9753511	2L:9761081..9761282	 R4:   R5:   R6:  
2L:9754709..9755214	2L:9762480..9762985	 R4:   R5:   R6:  
2L:9779125..9779705	2L:9786896..9787476	 R4:   R5:   R6:  
2L:9889020..9889243	2L:9896791..9897014	 R4:   R5:   R6:  
2L:9889385..9889928	2L:9897156..9897699	 R4:   R5:   R6:  
2L:9907601..9907840	2L:9915192..9915431	 R4:   R5:   R6:  
2L:9955387..9955635	2L:9962978..9963226	 R4:   R5:   R6:  
2L:9955918..9957646	2L:9963509..9965237	 R4:   R5:   R6:  
2L:10008142..10008395	2L:10015733..10015986	 R4:   R5:   R6:  
2L:10199889..10200601	2L:10207480..10208192	 R4:   R5:   R6:  
2L:10203090..10203317	2L:10210681..10210908	 R4:   R5:   R6:  
2L:10207722..10207955	2L:10215313..10215546	 R4:   R5:   R6:  
2L:10236212..10236443	2L:10243803..10244034	 R4:   R5:   R6:  
2L:10236745..10238089	2L:10244336..10245680	 R4:   R5:   R6:  
2L:10247924..10248286	2L:10255515..10255877	 R4:   R5:   R6:  
2L:10254868..10255092	2L:10262459..10262683	 R4:   R5:   R6:  
2L:10315460..10315789	2L:10323051..10323380	 R4:   R5:   R6:  
2L:10332520..10332783	2L:10340111..10340374	 R4:   R5:   R6:  
2L:10374251..10374627	2L:10381842..10382218	 R4:   R5:   R6:  
2L:10384470..10384673	2L:10392061..10392264	 R4:   R5:   R6:  
2L:10409559..10410122	2L:10417150..10417713	 R4:   R5:   R6:  
2L:10427581..10427960	2L:10435172..10435551	 R4:   R5:   R6:  
2L:10436317..10436617	2L:10443908..10444208	 R4:   R5:   R6:  
2L:10436819..10437082	2L:10444410..10444673	 R4:   R5:   R6:  
2L:10443705..10444020	2L:10451296..10451611	 R4:   R5:   R6:  
2L:10466814..10467407	2L:10474405..10474998	 R4:   R5:   R6:  
2L:10522191..10523117	2L:10529782..10530708	 R4:   R5:   R6:  
2L:10541686..10541912	2L:10549277..10549503	 R4:   R5:   R6:  
2L:11021688..11021987	2L:11029279..11029578	 R4:   R5:   R6:  
2L:11165689..11165890	2L:11173280..11173481	 R4:   R5:   R6:  
2L:11189053..11189358	2L:11196644..11196949	 R4:   R5:   R6:  
2L:11281226..11281512	2L:11292355..11292641	 R4:   R5:   R6:  
2L:11871099..11871443	2L:11882228..11882572	 R4:   R5:   R6:  
2L:12006439..12007127	2L:12017568..12018256	 R4:   R5:   R6:  
2L:12008125..12008676	2L:12019254..12019805	 R4:   R5:   R6:  
2L:12009674..12010008	2L:12020803..12021137	 R4:   R5:   R6:  
2L:12027881..12028479	2L:12039010..12039608	 R4:   R5:   R6:  
2L:12212590..12212813	2L:12223719..12223942	 R4:   R5:   R6:  
2L:12349521..12349841	2L:12360650..12360970	 R4:   R5:   R6:  
2L:12463805..12464413	2L:12474934..12475542	 R4:   R5:   R6:  
2L:12483370..12483623	2L:12494499..12494752	 R4:   R5:   R6:  
2L:12529875..12530638	2L:12541004..12541767	 R4:   R5:   R6:  
2L:12532190..12532487	2L:12543319..12543616	 R4:   R5:   R6:  
2L:12544386..12544660	2L:12555515..12555789	 R4:   R5:   R6:  
2L:12719553..12720008	2L:12730683..12731138	 R4:   R5:   R6:  
2L:12861745..12863076	2L:12872875..12874206	 R4:   R5:   R6:  
2L:12894041..12895304	2L:12905171..12906434	 R4:   R5:   R6:  
2L:13367891..13368110	2L:13379021..13379240	 R4:   R5:   R6:  
2L:13377580..13377847	2L:13388710..13388977	 R4:   R5:   R6:  
2L:13378016..13379122	2L:13389146..13390252	 R4:   R5:   R6:  
2L:13546455..13546705	2L:13564304..13564554	 R4:   R5:   R6:  
2L:13571902..13572220	2L:13589751..13590069	 R4:   R5:   R6:  
2L:13782493..13782704	2L:13800341..13800552	 R4:   R5:   R6:  
2L:14020734..14021115	2L:14038582..14038963	 R4:   R5:   R6:  
2L:14023095..14023362	2L:14040943..14041210	 R4:   R5:   R6:  
2L:14213033..14213260	2L:14230881..14231108	 R4:   R5:   R6:  
2L:14355402..14355758	2L:14373250..14373606	 R4:   R5:   R6:  
2L:14356154..14356923	2L:14374002..14374771	 R4:   R5:   R6:  
2L:14357088..14357357	2L:14374936..14375205	 R4:   R5:   R6:  
2L:14368763..14369176	2L:14386611..14387024	 R4:   R5:   R6:  
2L:14374707..14374923	2L:14392555..14392771	 R4:   R5:   R6:  
2L:14374973..14375197	2L:14392821..14393045	 R4:   R5:   R6:  
2L:14376662..14377312	2L:14394510..14395160	 R4:   R5:   R6:  
2L:14386587..14386817	2L:14404435..14404665	 R4:   R5:   R6:  
2L:14394471..14395155	2L:14412319..14413003	 R4:   R5:   R6:  
2L:14401581..14401823	2L:14419429..14419671	 R4:   R5:   R6:  
2L:14448926..14449291	2L:14466774..14467139	 R4:   R5:   R6:  
2L:14483745..14484094	2L:14501593..14501942	 R4:   R5:   R6:  
2L:14495091..14495721	2L:14512939..14513569	 R4:   R5:   R6:  
2L:14498195..14498926	2L:14516043..14516774	 R4:   R5:   R6:  
2L:14499079..14500655	2L:14516927..14518503	 R4:   R5:   R6:  
2L:14502424..14502973	2L:14520272..14520821	 R4:   R5:   R6:  
2L:14518898..14519739	2L:14536746..14537587	 R4:   R5:   R6:  
2L:14533581..14533891	2L:14551429..14551739	 R4:   R5:   R6:  
2L:14544909..14545193	2L:14562757..14563041	 R4:   R5:   R6:  
2L:14562023..14562567	2L:14579871..14580415	 R4:   R5:   R6:  
2L:14843530..14843934	2L:14865446..14865850	 R4:   R5:   R6:  
2L:15490727..15491492	2L:15512643..15513408	 R4:   R5:   R6:  
2L:15652961..15654593	2L:15674877..15676509	 R4:   R5:   R6:  
2L:15686809..15688306	2L:15708725..15710222	 R4:   R5:   R6:  
2L:15721854..15723130	2L:15743770..15745046	 R4:   R5:   R6:  
2L:15771951..15772727	2L:15793867..15794643	 R4:   R5:   R6:  
2L:15838538..15840003	2L:15860454..15861919	 R4:   R5:   R6:  
2L:15955817..15956642	2L:15977733..15978558	 R4:   R5:   R6:  
2L:15956689..15956949	2L:15978605..15978865	 R4:   R5:   R6:  
2L:16303957..16304174	2L:16325873..16326090	 R4:   R5:   R6:  
2L:16309773..16309974	2L:16331689..16331890	 R4:   R5:   R6:  
2L:16351478..16351679	2L:16373394..16373595	 R4:   R5:   R6:  
2L:16353175..16353951	2L:16375091..16375867	 R4:   R5:   R6:  
2L:16489929..16490214	2L:16511845..16512130	 R4:   R5:   R6:  
2L:16494891..16495211	2L:16516807..16517127	 R4:   R5:   R6:  
2L:16540613..16540822	2L:16562529..16562738	 R4:   R5:   R6:  
2L:16817967..16818280	2L:16839883..16840196	 R4:   R5:   R6:  
2L:16858165..16858380	2L:16880081..16880296	 R4:   R5:   R6:  
2L:16858696..16858899	2L:16880612..16880815	 R4:   R5:   R6:  
2L:16859044..16859703	2L:16880960..16881619	 R4:   R5:   R6:  
2L:16880425..16880660	2L:16902341..16902576	 R4:   R5:   R6:  
2L:17100974..17101209	2L:17122890..17123125	 R4:   R5:   R6:  
2L:17199076..17199400	2L:17220993..17221317	 R4:   R5:   R6:  
2L:17199508..17199983	2L:17221425..17221900	 R4:   R5:   R6:  
2L:17200037..17200693	2L:17221954..17222610	 R4:   R5:   R6:  
2L:17200898..17201158	2L:17222815..17223075	 R4:   R5:   R6:  
2L:17449735..17450214	2L:17471652..17472131	 R4:   R5:   R6:  
2L:17450270..17450615	2L:17472187..17472532	 R4:   R5:   R6:  
2L:17727547..17729426	2L:17749464..17751343	 R4:   R5:   R6:  
2L:17952046..17953608	2L:17973963..17975525	 R4:   R5:   R6:  
2L:18318392..18318593	2L:18340309..18340510	 R4:   R5:   R6:  
2L:18377046..18377492	2L:18398963..18399409	 R4:   R5:   R6:  
2L:18616098..18616490	2L:18638015..18638407	 R4:   R5:   R6:  
2L:18616884..18617348	2L:18638801..18639265	 R4:   R5:   R6:  
2L:18694172..18694756	2L:18716089..18716673	 R4:   R5:   R6:  
2L:18811200..18811662	2L:18833117..18833579	 R4:   R5:   R6:  
2L:18857954..18858401	2L:18879871..18880318	 R4:   R5:   R6:  
2L:18965233..18967834	2L:18987150..18989751	 R4:   R5:   R6:  
2L:19012246..19012668	2L:19034163..19034585	 R4:   R5:   R6:  
2L:19015974..19016683	2L:19037891..19038600	 R4:   R5:   R6:  
2L:19096735..19096945	2L:19118652..19118862	 R4:   R5:   R6:  
2L:19159308..19159647	2L:19181225..19181564	 R4:   R5:   R6:  
2L:19285535..19285794	2L:19307452..19307711	 R4:   R5:   R6:  
2L:19424327..19424614	2L:19446244..19446531	 R4:   R5:   R6:  
2L:19489971..19491281	2L:19511888..19513198	 R4:   R5:   R6:  
2L:19491828..19492138	2L:19513745..19514055	 R4:   R5:   R6:  
2L:19572284..19573617	2L:19594201..19595534	 R4:   R5:   R6:  
2L:19574006..19574799	2L:19595923..19596716	 R4:   R5:   R6:  
2L:19869899..19870274	2L:19891822..19892197	 R4:   R5:   R6:  
2L:20025988..20026309	2L:20047911..20048232	 R4:   R5:   R6:  
2L:20027185..20027765	2L:20049108..20049688	 R4:   R5:   R6:  
2L:20085921..20086271	2L:20107844..20108194	 R4:   R5:   R6:  
2L:20086701..20087053	2L:20108624..20108976	 R4:   R5:   R6:  
2L:20099008..20099670	2L:20120931..20121593	 R4:   R5:   R6:  
2L:20199809..20200639	2L:20230068..20230898	 R4:   R5:   R6:  
2L:20351375..20352315	2L:20381633..20382573	 R4:   R5:   R6:  
2L:20384818..20385281	2L:20415076..20415539	 R4:   R5:   R6:  
2L:20393297..20394049	2L:20423555..20424307	 R4:   R5:   R6:  
2L:20478997..20479400	2L:20509255..20509658	 R4:   R5:   R6:  
2L:20514751..20514967	2L:20545009..20545225	 R4:   R5:   R6:  
2L:20732640..20732973	2L:20762898..20763231	 R4:   R5:   R6:  
2L:20760706..20760928	2L:20790964..20791186	 R4:   R5:   R6:  
2L:20760990..20761262	2L:20791248..20791520	 R4:   R5:   R6:  
2L:20786766..20787482	2L:20817024..20817740	 R4:   R5:   R6:  
2L:20805778..20806667	2L:20836036..20836925	 R4:   R5:   R6:  
2L:20830434..20830816	2L:20860692..20861074	 R4:   R5:   R6:  
2L:20864584..20865521	2L:20894842..20895779	 R4:   R5:   R6:  
2L:20900964..20901518	2L:20931222..20931776	 R4:   R5:   R6:  
2L:20924059..20924360	2L:20954317..20954618	 R4:   R5:   R6:  
2L:21053274..21053596	2L:21083530..21083852	 R4:   R5:   R6:  
2L:21331014..21331266	2L:21361270..21361522	 R4:   R5:   R6:  
2L:21370287..21370858	2L:21400543..21401114	 R4:   R5:   R6:  
2L:21619002..21619562	2L:21785881..21786441	 R4:   R5:   R6:  
2L:21622026..21622799	2L:21788905..21789678	 R4:   R5:   R6:  
2L:21623133..21623563	2L:21790012..21790442	 R4:   R5:   R6:  
2L:21867201..21867731	2L:22034125..22034655	 R4:   R5:   R6:  
2L:21881495..21881848	2L:22048419..22048772	 R4:   R5:   R6:  
2L:22154199..22154409	2L:22321088..22321298	 R4:   R5:   R6:  
2R:484205..484554	2R:5345335..5345684	 R4:   R5:   R6:  
2R:1586866..1587333	2R:6525964..6526431	 R4:   R5:   R6:  
2R:2017257..2017649	2R:6956355..6956747	 R4:   R5:   R6:  
2R:2128998..2129245	2R:7068096..7068343	 R4:   R5:   R6:  
2R:2515422..2515625	2R:7454521..7454724	 R4:   R5:   R6:  
2R:2517401..2518674	2R:7456500..7457773	 R4:   R5:   R6:  
2R:2601480..2601687	2R:7540579..7540786	 R4:   R5:   R6:  
2R:2601986..2602187	2R:7541085..7541286	 R4:   R5:   R6:  
2R:2915949..2916285	2R:7855048..7855384	 R4:   R5:   R6:  
2R:2951287..2951530	2R:7890386..7890629	 R4:   R5:   R6:  
2R:2964425..2964783	2R:7903524..7903882	 R4:   R5:   R6:  
2R:3264577..3265092	2R:8203830..8204345	 R4:   R5:   R6:  
2R:3283520..3283729	2R:8222773..8222982	 R4:   R5:   R6:  
2R:3283867..3284087	2R:8223120..8223340	 R4:   R5:   R6:  
2R:3344331..3345185	2R:8283584..8284438	 R4:   R5:   R6:  
2R:3376275..3377421	2R:8315528..8316674	 R4:   R5:   R6:  
2R:3416930..3417222	2R:8356183..8356475	 R4:   R5:   R6:  
2R:3417547..3417911	2R:8356800..8357164	 R4:   R5:   R6:  
2R:3551762..3553167	2R:8491015..8492420	 R4:   R5:   R6:  
2R:3668847..3669122	2R:8608100..8608375	 R4:   R5:   R6:  
2R:3701380..3701581	2R:8640633..8640834	 R4:   R5:   R6:  
2R:4036725..4036926	2R:8975978..8976179	 R4:   R5:   R6:  
2R:4129294..4130348	2R:9068547..9069601	 R4:   R5:   R6:  
2R:4613313..4613671	2R:9552681..9553039	 R4:   R5:   R6:  
2R:4794522..4795094	2R:9733889..9734461	 R4:   R5:   R6:  
2R:5078780..5078997	2R:10018147..10018364	 R4:   R5:   R6:  
2R:5171666..5172365	2R:10111033..10111732	 R4:   R5:   R6:  
2R:5312592..5312793	2R:10251959..10252160	 R4:   R5:   R6:  
2R:5316815..5317017	2R:10256182..10256384	 R4:   R5:   R6:  
2R:5369299..5370550	2R:10308666..10309917	 R4:   R5:   R6:  
2R:5432184..5433139	2R:10371551..10372506	 R4:   R5:   R6:  
2R:5433224..5433464	2R:10372591..10372831	 R4:   R5:   R6:  
2R:5433742..5434357	2R:10373109..10373724	 R4:   R5:   R6:  
2R:5434636..5435555	2R:10374003..10374922	 R4:   R5:   R6:  
2R:5442213..5443326	2R:10381580..10382693	 R4:   R5:   R6:  
2R:5734399..5734610	2R:10669670..10669881	 R4:   R5:   R6:  
2R:5747479..5749604	2R:10682750..10684875	 R4:   R5:   R6:  
2R:5751904..5752446	2R:10687175..10687717	 R4:   R5:   R6:  
2R:5817863..5818520	2R:10753134..10753791	 R4:   R5:   R6:  
2R:5828905..5829162	2R:10764176..10764433	 R4:   R5:   R6:  
2R:5843456..5843905	2R:10778727..10779176	 R4:   R5:   R6:  
2R:5932292..5932538	2R:10867563..10867809	 R4:   R5:   R6:  
2R:5932946..5933476	2R:10868217..10868747	 R4:   R5:   R6:  
2R:5934147..5934535	2R:10869418..10869806	 R4:   R5:   R6:  
2R:5968855..5969473	2R:10904126..10904744	 R4:   R5:   R6:  
2R:5990933..5991870	2R:10926204..10927141	 R4:   R5:   R6:  
2R:5995126..5995453	2R:10930397..10930724	 R4:   R5:   R6:  
2R:6046254..6047104	2R:10981525..10982375	 R4:   R5:   R6:  
2R:6158093..6159236	2R:11093364..11094507	 R4:   R5:   R6:  
2R:6159714..6159954	2R:11094985..11095225	 R4:   R5:   R6:  
2R:6309726..6310174	2R:11244997..11245445	 R4:   R5:   R6:  
2R:6356112..6357386	2R:11291383..11292657	 R4:   R5:   R6:  
2R:6363167..6365461	2R:11298438..11300732	 R4:   R5:   R6:  
2R:6429408..6429669	2R:11364698..11364959	 R4:   R5:   R6:  
2R:6675844..6676223	2R:11611131..11611510	 R4:   R5:   R6:  
2R:6693868..6695006	2R:11629155..11630293	 R4:   R5:   R6:  
2R:6695663..6696161	2R:11630950..11631448	 R4:   R5:   R6:  
2R:6742302..6742677	2R:11677589..11677964	 R4:   R5:   R6:  
2R:6811915..6812175	2R:11747202..11747462	 R4:   R5:   R6:  
2R:6931921..6932235	2R:11867208..11867522	 R4:   R5:   R6:  
2R:6950412..6950943	2R:11885699..11886230	 R4:   R5:   R6:  
2R:7065949..7066473	2R:12001236..12001760	 R4:   R5:   R6:  
2R:7073250..7073915	2R:12008537..12009202	 R4:   R5:   R6:  
2R:7074435..7074854	2R:12009722..12010141	 R4:   R5:   R6:  
2R:7079203..7079436	2R:12014490..12014723	 R4:   R5:   R6:  
2R:7079833..7080422	2R:12015120..12015709	 R4:   R5:   R6:  
2R:7082753..7083040	2R:12018040..12018327	 R4:   R5:   R6:  
2R:7083996..7085333	2R:12019283..12020620	 R4:   R5:   R6:  
2R:7086411..7086660	2R:12021698..12021947	 R4:   R5:   R6:  
2R:7090501..7090838	2R:12025788..12026125	 R4:   R5:   R6:  
2R:7091278..7092179	2R:12026565..12027466	 R4:   R5:   R6:  
2R:7176590..7177087	2R:12111877..12112374	 R4:   R5:   R6:  
2R:7249275..7249501	2R:12184562..12184788	 R4:   R5:   R6:  
2R:7330559..7331300	2R:12265846..12266587	 R4:   R5:   R6:  
2R:7521685..7522007	2R:12456972..12457294	 R4:   R5:   R6:  
2R:7523423..7523711	2R:12458710..12458998	 R4:   R5:   R6:  
2R:7523862..7524092	2R:12459149..12459379	 R4:   R5:   R6:  
2R:7525693..7526175	2R:12460980..12461462	 R4:   R5:   R6:  
2R:7544824..7545157	2R:12480111..12480444	 R4:   R5:   R6:  
2R:7548641..7549133	2R:12483928..12484420	 R4:   R5:   R6:  
2R:7696778..7697166	2R:12632065..12632453	 R4:   R5:   R6:  
2R:7874596..7874967	2R:12809882..12810253	 R4:   R5:   R6:  
2R:8106910..8107150	2R:13042196..13042436	 R4:   R5:   R6:  
2R:8125433..8125648	2R:13060719..13060934	 R4:   R5:   R6:  
2R:8135136..8135640	2R:13070422..13070926	 R4:   R5:   R6:  
2R:8373247..8373486	2R:13308533..13308772	 R4:   R5:   R6:  
2R:8393591..8394742	2R:13328877..13330028	 R4:   R5:   R6:  
2R:8425060..8425555	2R:13360346..13360841	 R4:   R5:   R6:  
2R:8892652..8893089	2R:13827938..13828375	 R4:   R5:   R6:  
2R:9380280..9380706	2R:14316554..14316980	 R4:   R5:   R6:  
2R:9386351..9387060	2R:14322625..14323334	 R4:   R5:   R6:  
2R:9445381..9445589	2R:14381655..14381863	 R4:   R5:   R6:  
2R:9466284..9467320	2R:14402558..14403594	 R4:   R5:   R6:  
2R:9469027..9469290	2R:14405301..14405564	 R4:   R5:   R6:  
2R:9492265..9492584	2R:14428539..14428858	 R4:   R5:   R6:  
2R:9844508..9844721	2R:14780782..14780995	 R4:   R5:   R6:  
2R:9852419..9854181	2R:14788693..14790455	 R4:   R5:   R6:  
2R:9886037..9886411	2R:14822311..14822685	 R4:   R5:   R6:  
2R:9886815..9887260	2R:14823089..14823534	 R4:   R5:   R6:  
2R:9913176..9913377	2R:14849450..14849651	 R4:   R5:   R6:  
2R:9923681..9923902	2R:14859955..14860176	 R4:   R5:   R6:  
2R:9924101..9924603	2R:14860375..14860877	 R4:   R5:   R6:  
2R:9924670..9925230	2R:14860944..14861504	 R4:   R5:   R6:  
2R:9941597..9942357	2R:14877871..14878631	 R4:   R5:   R6:  
2R:9959226..9959457	2R:14895500..14895731	 R4:   R5:   R6:  
2R:10060133..10060391	2R:14996407..14996665	 R4:   R5:   R6:  
2R:10105518..10105721	2R:15041793..15041996	 R4:   R5:   R6:  
2R:10152922..10153334	2R:15089197..15089609	 R4:   R5:   R6:  
2R:10155518..10155962	2R:15091793..15092237	 R4:   R5:   R6:  
2R:10194899..10195843	2R:15131174..15132118	 R4:   R5:   R6:  
2R:10221093..10221295	2R:15157368..15157570	 R4:   R5:   R6:  
2R:10372456..10373979	2R:15308731..15310254	 R4:   R5:   R6:  
2R:10377793..10378096	2R:15314068..15314371	 R4:   R5:   R6:  
2R:10380314..10381347	2R:15316589..15317622	 R4:   R5:   R6:  
2R:10492224..10492605	2R:15428499..15428880	 R4:   R5:   R6:  
2R:10492922..10493210	2R:15429197..15429485	 R4:   R5:   R6:  
2R:10493316..10493743	2R:15429591..15430018	 R4:   R5:   R6:  
2R:10493868..10494327	2R:15430143..15430602	 R4:   R5:   R6:  
2R:10507445..10507908	2R:15443720..15444183	 R4:   R5:   R6:  
2R:10567477..10568190	2R:15503752..15504465	 R4:   R5:   R6:  
2R:10746190..10747476	2R:15682465..15683751	 R4:   R5:   R6:  
2R:10794036..10794358	2R:15730311..15730633	 R4:   R5:   R6:  
2R:10800362..10801159	2R:15736637..15737434	 R4:   R5:   R6:  
2R:10847167..10847789	2R:15783442..15784064	 R4:   R5:   R6:  
2R:10854604..10854860	2R:15790879..15791135	 R4:   R5:   R6:  
2R:10858350..10858728	2R:15794625..15795003	 R4:   R5:   R6:  
2R:11024314..11024708	2R:15960589..15960983	 R4:   R5:   R6:  
2R:11169369..11169632	2R:16105644..16105907	 R4:   R5:   R6:  
2R:11197539..11197895	2R:16133814..16134170	 R4:   R5:   R6:  
2R:11212493..11212694	2R:16148768..16148969	 R4:   R5:   R6:  
2R:11213629..11213887	2R:16149904..16150162	 R4:   R5:   R6:  
2R:11677596..11677814	2R:16613871..16614089	 R4:   R5:   R6:  
2R:11707400..11708797	2R:16643675..16645072	 R4:   R5:   R6:  
2R:11803115..11803328	2R:16739390..16739603	 R4:   R5:   R6:  
2R:11806852..11807897	2R:16743127..16744172	 R4:   R5:   R6:  
2R:11808302..11808684	2R:16744577..16744959	 R4:   R5:   R6:  
2R:11938954..11939174	2R:16875229..16875449	 R4:   R5:   R6:  
2R:11993671..11993872	2R:16929946..16930147	 R4:   R5:   R6:  
2R:12013220..12013466	2R:16949495..16949741	 R4:   R5:   R6:  
2R:12013572..12014219	2R:16949847..16950494	 R4:   R5:   R6:  
2R:12037793..12038520	2R:16974068..16974795	 R4:   R5:   R6:  
2R:12038741..12038942	2R:16975016..16975217	 R4:   R5:   R6:  
2R:12043756..12044183	2R:16980031..16980458	 R4:   R5:   R6:  
2R:12049971..12050416	2R:16986246..16986691	 R4:   R5:   R6:  
2R:12050818..12051109	2R:16987093..16987384	 R4:   R5:   R6:  
2R:12108452..12108697	2R:17044727..17044972	 R4:   R5:   R6:  
2R:12158254..12158757	2R:17094529..17095032	 R4:   R5:   R6:  
2R:12158813..12159044	2R:17095088..17095319	 R4:   R5:   R6:  
2R:12224434..12224673	2R:17160709..17160948	 R4:   R5:   R6:  
2R:12224766..12224967	2R:17161041..17161242	 R4:   R5:   R6:  
2R:12467435..12467989	2R:17403710..17404264	 R4:   R5:   R6:  
2R:12468298..12468631	2R:17404573..17404906	 R4:   R5:   R6:  
2R:12471837..12472251	2R:17408112..17408526	 R4:   R5:   R6:  
2R:12472305..12472791	2R:17408580..17409066	 R4:   R5:   R6:  
2R:12571970..12572576	2R:17508245..17508851	 R4:   R5:   R6:  
2R:12572651..12572875	2R:17508926..17509150	 R4:   R5:   R6:  
2R:12729080..12729411	2R:17665355..17665686	 R4:   R5:   R6:  
2R:12744415..12744799	2R:17680690..17681074	 R4:   R5:   R6:  
2R:12755802..12756551	2R:17692077..17692826	 R4:   R5:   R6:  
2R:12799291..12799672	2R:17735566..17735947	 R4:   R5:   R6:  
2R:12810051..12810354	2R:17746326..17746629	 R4:   R5:   R6:  
2R:12996697..12996915	2R:17932972..17933190	 R4:   R5:   R6:  
2R:12997394..12997691	2R:17933669..17933966	 R4:   R5:   R6:  
2R:13286641..13287088	2R:18222907..18223354	 R4:   R5:   R6:  
2R:13315067..13315556	2R:18251333..18251822	 R4:   R5:   R6:  
2R:13536487..13536890	2R:18472767..18473170	 R4:   R5:   R6:  
2R:13757979..13758408	2R:18694259..18694688	 R4:   R5:   R6:  
2R:14160770..14161280	2R:19097050..19097560	 R4:   R5:   R6:  
2R:14203244..14203480	2R:19139524..19139760	 R4:   R5:   R6:  
2R:14212427..14212656	2R:19148707..19148936	 R4:   R5:   R6:  
2R:14324879..14325151	2R:19261159..19261431	 R4:   R5:   R6:  
2R:14326752..14327645	2R:19263032..19263925	 R4:   R5:   R6:  
2R:14414718..14415992	2R:19350998..19352272	 R4:   R5:   R6:  
2R:14494275..14494612	2R:19430555..19430892	 R4:   R5:   R6:  
2R:14549897..14550109	2R:19486177..19486389	 R4:   R5:   R6:  
2R:14689315..14689520	2R:19625595..19625800	 R4:   R5:   R6:  
2R:14742942..14743198	2R:19679222..19679478	 R4:   R5:   R6:  
2R:14743506..14743757	2R:19679786..19680037	 R4:   R5:   R6:  
2R:14762547..14762972	2R:19698827..19699252	 R4:   R5:   R6:  
2R:15033110..15033869	2R:19969398..19970157	 R4:   R5:   R6:  
2R:15059033..15059682	2R:19995321..19995970	 R4:   R5:   R6:  
2R:15065123..15065478	2R:20001411..20001766	 R4:   R5:   R6:  
2R:15259860..15260312	2R:20196148..20196600	 R4:   R5:   R6:  
2R:16886407..16886906	2R:21842856..21843355	 R4:   R5:   R6:  
2R:16910786..16911113	2R:21867235..21867562	 R4:   R5:   R6:  
2R:16921328..16921536	2R:21877777..21877985	 R4:   R5:   R6:  
2R:16926485..16927265	2R:21882934..21883714	 R4:   R5:   R6:  
2R:16946841..16947109	2R:21903290..21903558	 R4:   R5:   R6:  
2R:16960504..16961387	2R:21916953..21917836	 R4:   R5:   R6:  
2R:16962094..16962772	2R:21918543..21919221	 R4:   R5:   R6:  
2R:16962981..16963444	2R:21919430..21919893	 R4:   R5:   R6:  
2R:17087356..17088543	2R:22043805..22044992	 R4:   R5:   R6:  
2R:17170000..17170285	2R:22126449..22126734	 R4:   R5:   R6:  
2R:17184256..17184648	2R:22140705..22141097	 R4:   R5:   R6:  
2R:17185110..17185466	2R:22141559..22141915	 R4:   R5:   R6:  
2R:17185547..17185748	2R:22141996..22142197	 R4:   R5:   R6:  
2R:17255561..17255786	2R:22212010..22212235	 R4:   R5:   R6:  
2R:17270588..17270810	2R:22227037..22227259	 R4:   R5:   R6:  
2R:17360995..17361483	2R:22317444..22317932	 R4:   R5:   R6:  
2R:17366393..17366620	2R:22322842..22323069	 R4:   R5:   R6:  
2R:17366810..17368529	2R:22323259..22324978	 R4:   R5:   R6:  
2R:17393157..17393498	2R:22349606..22349947	 R4:   R5:   R6:  
2R:17435609..17436208	2R:22392058..22392657	 R4:   R5:   R6:  
2R:17484056..17484738	2R:22440506..22441188	 R4:   R5:   R6:  
2R:17528198..17528766	2R:22484648..22485216	 R4:   R5:   R6:  
2R:17549648..17551003	2R:22506098..22507453	 R4:   R5:   R6:  
2R:17589293..17589608	2R:22545743..22546058	 R4:   R5:   R6:  
2R:17594056..17594264	2R:22550506..22550714	 R4:   R5:   R6:  
2R:17594800..17595182	2R:22551250..22551632	 R4:   R5:   R6:  
2R:17599786..17600084	2R:22556236..22556534	 R4:   R5:   R6:  
2R:17600921..17601194	2R:22557371..22557644	 R4:   R5:   R6:  
2R:18129715..18130361	2R:23086147..23086793	 R4:   R5:   R6:  
2R:18200283..18201019	2R:23156715..23157451	 R4:   R5:   R6:  
2R:18261508..18262131	2R:23217940..23218563	 R4:   R5:   R6:  
2R:18273824..18274422	2R:23230256..23230854	 R4:   R5:   R6:  
2R:18298213..18298883	2R:23254645..23255315	 R4:   R5:   R6:  
2R:18537245..18537771	2R:23493677..23494203	 R4:   R5:   R6:  
2R:18686762..18688023	2R:23643194..23644455	 R4:   R5:   R6:  
2R:18897425..18897723	2R:23853857..23854155	 R4:   R5:   R6:  
2R:18956522..18957055	2R:23912954..23913487	 R4:   R5:   R6:  
2R:19089554..19089840	2R:24045986..24046272	 R4:   R5:   R6:  
2R:19282957..19283620	2R:24239389..24240052	 R4:   R5:   R6:  
2R:19321536..19321833	2R:24277968..24278265	 R4:   R5:   R6:  
2R:19466936..19467904	2R:24423368..24424336	 R4:   R5:   R6:  
2R:19503200..19503401	2R:24459632..24459833	 R4:   R5:   R6:  
2R:19503952..19505154	2R:24460384..24461586	 R4:   R5:   R6:  
2R:19553412..19553655	2R:24509844..24510087	 R4:   R5:   R6:  
2R:19553707..19554391	2R:24510139..24510823	 R4:   R5:   R6:  
2R:19600471..19600841	2R:24556903..24557273	 R4:   R5:   R6:  
2R:19702802..19703406	2R:24659234..24659838	 R4:   R5:   R6:  
2R:19945991..19946276	2R:24902421..24902706	 R4:   R5:   R6:  
2R:19946365..19946598	2R:24902795..24903028	 R4:   R5:   R6:  
2R:19948656..19949097	2R:24905086..24905527	 R4:   R5:   R6:  
2R:20019426..20020879	2R:24975856..24977309	 R4:   R5:   R6:  
2R:20030492..20030751	2R:24986922..24987181	 R4:   R5:   R6:  
2R:20033770..20034172	2R:24990200..24990602	 R4:   R5:   R6:  
2R:20117615..20118016	2R:25074045..25074446	 R4:   R5:   R6:  
2R:20130105..20130644	2R:25086535..25087074	 R4:   R5:   R6:  
2R:20134273..20134499	2R:25090703..25090929	 R4:   R5:   R6:  
2R:20180269..20180683	2R:25136699..25137113	 R4:   R5:   R6:  
2R:20624832..20625089	2R:?..?	 R4: in area of change R5:  failed to convert R6:  failed to convert
2R:20789343..20789835	2R:?..?	 R4: in area of change R5:  failed to convert R6:  failed to convert
2R:20911809..20912122	2R:?..?	 R4: in area of change R5:  failed to convert R6:  failed to convert
2RHet:1266145..1266799	2RHet:?..?	 R4: in area of change R5:  failed to convert R6:  failed to convert
2RHet:1267046..1267492	2RHet:?..?	 R4: in area of change R5:  failed to convert R6:  failed to convert
3L:24267..24468	3L:43636..43837	 R4:   R5:   R6:  
3L:38179..39135	3L:57548..58504	 R4:   R5:   R6:  
3L:91058..91461	3L:110428..110831	 R4:   R5:   R6:  
3L:160004..160501	3L:179374..179871	 R4:   R5:   R6:  
3L:161227..161445	3L:180597..180815	 R4:   R5:   R6:  
3L:226168..226369	3L:245538..245739	 R4:   R5:   R6:  
3L:312284..312497	3L:331654..331867	 R4:   R5:   R6:  
3L:341881..342088	3L:361251..361458	 R4:   R5:   R6:  
3L:348286..348505	3L:367656..367875	 R4:   R5:   R6:  
3L:543780..543991	3L:563151..563362	 R4:   R5:   R6:  
3L:544408..544618	3L:563779..563989	 R4:   R5:   R6:  
3L:544855..545980	3L:564226..565351	 R4:   R5:   R6:  
3L:546452..546727	3L:565823..566098	 R4:   R5:   R6:  
3L:550064..550616	3L:569435..569987	 R4:   R5:   R6:  
3L:552515..553468	3L:571886..572839	 R4:   R5:   R6:  
3L:603912..604538	3L:623283..623909	 R4:   R5:   R6:  
3L:616001..616227	3L:635372..635598	 R4:   R5:   R6:  
3L:639803..640009	3L:659174..659380	 R4:   R5:   R6:  
3L:640484..640920	3L:659855..660291	 R4:   R5:   R6:  
3L:642223..642729	3L:661594..662100	 R4:   R5:   R6:  
3L:702503..703043	3L:721874..722414	 R4:   R5:   R6:  
3L:752116..752351	3L:771487..771722	 R4:   R5:   R6:  
3L:778900..779297	3L:798271..798668	 R4:   R5:   R6:  
3L:834458..835478	3L:853829..854849	 R4:   R5:   R6:  
3L:1000794..1001956	3L:1020165..1021327	 R4:   R5:   R6:  
3L:1030955..1031363	3L:1050326..1050734	 R4:   R5:   R6:  
3L:1149234..1149449	3L:1168605..1168820	 R4:   R5:   R6:  
3L:1152332..1153088	3L:1171703..1172459	 R4:   R5:   R6:  
3L:1279681..1280037	3L:1299052..1299408	 R4:   R5:   R6:  
3L:1575489..1575705	3L:1594860..1595076	 R4:   R5:   R6:  
3L:2115688..2116031	3L:2135059..2135402	 R4:   R5:   R6:  
3L:2151993..2152624	3L:2171364..2171995	 R4:   R5:   R6:  
3L:2472691..2472921	3L:2492062..2492292	 R4:   R5:   R6:  
3L:2532634..2533151	3L:2552005..2552522	 R4:   R5:   R6:  
3L:2633487..2633767	3L:2652858..2653138	 R4:   R5:   R6:  
3L:2773795..2774346	3L:2793166..2793717	 R4:   R5:   R6:  
3L:2805985..2806428	3L:2825356..2825799	 R4:   R5:   R6:  
3L:2845170..2845575	3L:2864541..2864946	 R4:   R5:   R6:  
3L:3036307..3037842	3L:3055678..3057213	 R4:   R5:   R6:  
3L:3056174..3056392	3L:3075545..3075763	 R4:   R5:   R6:  
3L:3134490..3134916	3L:3153861..3154287	 R4:   R5:   R6:  
3L:3336067..3336297	3L:3355438..3355668	 R4:   R5:   R6:  
3L:3377732..3378700	3L:3397103..3398071	 R4:   R5:   R6:  
3L:3384384..3385277	3L:3403755..3404648	 R4:   R5:   R6:  
3L:3394631..3395196	3L:3414002..3414567	 R4:   R5:   R6:  
3L:3410817..3411045	3L:3430188..3430416	 R4:   R5:   R6:  
3L:3418934..3419213	3L:3438305..3438584	 R4:   R5:   R6:  
3L:3450237..3451083	3L:3469608..3470454	 R4:   R5:   R6:  
3L:3460441..3461165	3L:3479812..3480536	 R4:   R5:   R6:  
3L:3485351..3485618	3L:3504722..3504989	 R4:   R5:   R6:  
3L:3756867..3757142	3L:3776238..3776513	 R4:   R5:   R6:  
3L:3762768..3762996	3L:3782139..3782367	 R4:   R5:   R6:  
3L:3770494..3771215	3L:3789865..3790586	 R4:   R5:   R6:  
3L:3785594..3785810	3L:3804965..3805181	 R4:   R5:   R6:  
3L:3908803..3909185	3L:3928174..3928556	 R4:   R5:   R6:  
3L:3970252..3970714	3L:3989623..3990085	 R4:   R5:   R6:  
3L:4070040..4071480	3L:4089411..4090851	 R4:   R5:   R6:  
3L:4348683..4349152	3L:4368990..4369459	 R4:   R5:   R6:  
3L:4405373..4405574	3L:4425680..4425881	 R4:   R5:   R6:  
3L:4408713..4408962	3L:4429020..4429269	 R4:   R5:   R6:  
3L:4411535..4411832	3L:4431842..4432139	 R4:   R5:   R6:  
3L:4412111..4412448	3L:4432418..4432755	 R4:   R5:   R6:  
3L:4414404..4414686	3L:4434711..4434993	 R4:   R5:   R6:  
3L:4414765..4414966	3L:4435072..4435273	 R4:   R5:   R6:  
3L:4607684..4607971	3L:4629743..4630030	 R4:   R5:   R6:  
3L:4612854..4613581	3L:4634913..4635640	 R4:   R5:   R6:  
3L:5241653..5242247	3L:5282345..5282939	 R4:   R5:   R6:  
3L:5570897..5571229	3L:5611589..5611921	 R4:   R5:   R6:  
3L:5801451..5801656	3L:5842143..5842348	 R4:   R5:   R6:  
3L:5916036..5916294	3L:5956728..5956986	 R4:   R5:   R6:  
3L:5969340..5969922	3L:6010032..6010614	 R4:   R5:   R6:  
3L:6150107..6150455	3L:6190578..6190926	 R4:   R5:   R6:  
3L:6150556..6150774	3L:6191027..6191245	 R4:   R5:   R6:  
3L:6178086..6178791	3L:6218557..6219262	 R4:   R5:   R6:  
3L:6179233..6179454	3L:6219704..6219925	 R4:   R5:   R6:  
3L:6308758..6309152	3L:6349229..6349623	 R4:   R5:   R6:  
3L:6748157..6748488	3L:6788628..6788959	 R4:   R5:   R6:  
3L:6857249..6857500	3L:6897720..6897971	 R4:   R5:   R6:  
3L:7126909..7127697	3L:7167380..7168168	 R4:   R5:   R6:  
3L:7341905..7342106	3L:7382376..7382577	 R4:   R5:   R6:  
3L:7711291..7712049	3L:7751762..7752520	 R4:   R5:   R6:  
3L:7853327..7853572	3L:7893798..7894043	 R4:   R5:   R6:  
3L:7859386..7859698	3L:7899857..7900169	 R4:   R5:   R6:  
3L:7974493..7974700	3L:8014961..8015168	 R4:   R5:   R6:  
3L:8006314..8006869	3L:8047604..8048159	 R4:   R5:   R6:  
3L:8026445..8026706	3L:8067735..8067996	 R4:   R5:   R6:  
3L:8065316..8065682	3L:8106606..8106972	 R4:   R5:   R6:  
3L:8066044..8066359	3L:8107334..8107649	 R4:   R5:   R6:  
3L:8066627..8067274	3L:8107917..8108564	 R4:   R5:   R6:  
3L:8086557..8086764	3L:8127847..8128054	 R4:   R5:   R6:  
3L:8087808..8088137	3L:8129098..8129427	 R4:   R5:   R6:  
3L:8307405..8308352	3L:8348695..8349642	 R4:   R5:   R6:  
3L:8332631..8332936	3L:8373921..8374226	 R4:   R5:   R6:  
3L:8446345..8446832	3L:8487635..8488122	 R4:   R5:   R6:  
3L:8454464..8454735	3L:8495754..8496025	 R4:   R5:   R6:  
3L:8693777..8694117	3L:8735067..8735407	 R4:   R5:   R6:  
3L:8756369..8757144	3L:8797659..8798434	 R4:   R5:   R6:  
3L:8834661..8835400	3L:8875951..8876690	 R4:   R5:   R6:  
3L:8980155..8980501	3L:9021445..9021791	 R4:   R5:   R6:  
3L:9120426..9120765	3L:9161716..9162055	 R4:   R5:   R6:  
3L:9121985..9122683	3L:9163275..9163973	 R4:   R5:   R6:  
3L:9122770..9123042	3L:9164060..9164332	 R4:   R5:   R6:  
3L:9157888..9158722	3L:9199178..9200012	 R4:   R5:   R6:  
3L:9158781..9159142	3L:9200071..9200432	 R4:   R5:   R6:  
3L:9390876..9392160	3L:9433347..9434631	 R4:   R5:   R6:  
3L:9396914..9397237	3L:9439385..9439708	 R4:   R5:   R6:  
3L:9421990..9422239	3L:9464461..9464710	 R4:   R5:   R6:  
3L:9426134..9426350	3L:9468605..9468821	 R4:   R5:   R6:  
3L:9461463..9461790	3L:9503934..9504261	 R4:   R5:   R6:  
3L:9497197..9497398	3L:9539668..9539869	 R4:   R5:   R6:  
3L:9501363..9502478	3L:9543834..9544949	 R4:   R5:   R6:  
3L:9503754..9504185	3L:9546225..9546656	 R4:   R5:   R6:  
3L:9666390..9666789	3L:9708861..9709260	 R4:   R5:   R6:  
3L:9682616..9682850	3L:9725087..9725321	 R4:   R5:   R6:  
3L:9685908..9686724	3L:9728379..9729195	 R4:   R5:   R6:  
3L:9687157..9687430	3L:9729628..9729901	 R4:   R5:   R6:  
3L:9689162..9689708	3L:9731633..9732179	 R4:   R5:   R6:  
3L:9705384..9706028	3L:9747855..9748499	 R4:   R5:   R6:  
3L:10656956..10657201	3L:10699427..10699672	 R4:   R5:   R6:  
3L:10658067..10658429	3L:10700538..10700900	 R4:   R5:   R6:  
3L:10659545..10659790	3L:10702016..10702261	 R4:   R5:   R6:  
3L:10753199..10753518	3L:10795670..10795989	 R4:   R5:   R6:  
3L:10860809..10861047	3L:10903280..10903518	 R4:   R5:   R6:  
3L:10877549..10877827	3L:10920020..10920298	 R4:   R5:   R6:  
3L:10890844..10891298	3L:10933315..10933769	 R4:   R5:   R6:  
3L:11053511..11055660	3L:11095979..11098128	 R4:   R5:   R6:  
3L:11079225..11079516	3L:11121693..11121984	 R4:   R5:   R6:  
3L:11112456..11112686	3L:11154924..11155154	 R4:   R5:   R6:  
3L:11161652..11161889	3L:11204120..11204357	 R4:   R5:   R6:  
3L:11161995..11162978	3L:11204463..11205446	 R4:   R5:   R6:  
3L:11237269..11237582	3L:11279737..11280050	 R4:   R5:   R6:  
3L:11279176..11279886	3L:11321644..11322354	 R4:   R5:   R6:  
3L:11284608..11285303	3L:11327076..11327771	 R4:   R5:   R6:  
3L:11288311..11288583	3L:11330779..11331051	 R4:   R5:   R6:  
3L:11309463..11309676	3L:11351931..11352144	 R4:   R5:   R6:  
3L:11321983..11322493	3L:11364451..11364961	 R4:   R5:   R6:  
3L:11342570..11343599	3L:11385038..11386067	 R4:   R5:   R6:  
3L:11393678..11394117	3L:11436146..11436585	 R4:   R5:   R6:  
3L:11395386..11395893	3L:11437854..11438361	 R4:   R5:   R6:  
3L:11396584..11396976	3L:11439052..11439444	 R4:   R5:   R6:  
3L:11413704..11414096	3L:11456172..11456564	 R4:   R5:   R6:  
3L:11520332..11520667	3L:11562800..11563135	 R4:   R5:   R6:  
3L:11529894..11530114	3L:11572362..11572582	 R4:   R5:   R6:  
3L:11553999..11554246	3L:11596467..11596714	 R4:   R5:   R6:  
3L:11554301..11555028	3L:11596769..11597496	 R4:   R5:   R6:  
3L:11787214..11787623	3L:11829666..11830075	 R4:   R5:   R6:  
3L:12033715..12034067	3L:12076168..12076520	 R4:   R5:   R6:  
3L:12049707..12050856	3L:12092160..12093309	 R4:   R5:   R6:  
3L:12115097..12115333	3L:12157550..12157786	 R4:   R5:   R6:  
3L:12171471..12172778	3L:12213924..12215231	 R4:   R5:   R6:  
3L:12248949..12249315	3L:12291402..12291768	 R4:   R5:   R6:  
3L:12386175..12386769	3L:12428628..12429222	 R4:   R5:   R6:  
3L:12387164..12387365	3L:12429617..12429818	 R4:   R5:   R6:  
3L:12401213..12401473	3L:12443666..12443926	 R4:   R5:   R6:  
3L:12401867..12402647	3L:12444320..12445100	 R4:   R5:   R6:  
3L:12402887..12403353	3L:12445340..12445806	 R4:   R5:   R6:  
3L:12406347..12406548	3L:12448800..12449001	 R4:   R5:   R6:  
3L:12737197..12737503	3L:12779650..12779956	 R4:   R5:   R6:  
3L:12739172..12739420	3L:12781625..12781873	 R4:   R5:   R6:  
3L:12785672..12785922	3L:12828125..12828375	 R4:   R5:   R6:  
3L:12791922..12792921	3L:12834375..12835374	 R4:   R5:   R6:  
3L:12906712..12907042	3L:12949165..12949495	 R4:   R5:   R6:  
3L:13009537..13009834	3L:13051990..13052287	 R4:   R5:   R6:  
3L:13223377..13223744	3L:13265830..13266197	 R4:   R5:   R6:  
3L:13256899..13257408	3L:13299331..13299840	 R4:   R5:   R6:  
3L:13446915..13447678	3L:13489347..13490110	 R4:   R5:   R6:  
3L:13912249..13912827	3L:13963369..13963947	 R4:   R5:   R6:  
3L:13913032..13913746	3L:13964152..13964866	 R4:   R5:   R6:  
3L:13931587..13931788	3L:13982707..13982908	 R4:   R5:   R6:  
3L:14220911..14221447	3L:14272031..14272567	 R4:   R5:   R6:  
3L:14315231..14315764	3L:14366351..14366884	 R4:   R5:   R6:  
3L:14532789..14533108	3L:14583909..14584228	 R4:   R5:   R6:  
3L:14541400..14541790	3L:14592520..14592910	 R4:   R5:   R6:  
3L:14551844..14552060	3L:14602964..14603180	 R4:   R5:   R6:  
3L:14555052..14555594	3L:14606172..14606714	 R4:   R5:   R6:  
3L:14605737..14606440	3L:14656857..14657560	 R4:   R5:   R6:  
3L:14748936..14749169	3L:14800056..14800289	 R4:   R5:   R6:  
3L:14753954..14754160	3L:14805074..14805280	 R4:   R5:   R6:  
3L:14755296..14755612	3L:14806416..14806732	 R4:   R5:   R6:  
3L:14755794..14756221	3L:14806914..14807341	 R4:   R5:   R6:  
3L:14772362..14772566	3L:14823482..14823686	 R4:   R5:   R6:  
3L:14976958..14977174	3L:15028079..15028295	 R4:   R5:   R6:  
3L:15109996..15110651	3L:15161117..15161772	 R4:   R5:   R6:  
3L:15223388..15223986	3L:15274509..15275107	 R4:   R5:   R6:  
3L:15494179..15495170	3L:15545300..15546291	 R4:   R5:   R6:  
3L:15499173..15499846	3L:15550294..15550967	 R4:   R5:   R6:  
3L:15500032..15500329	3L:15551153..15551450	 R4:   R5:   R6:  
3L:15515268..15515500	3L:15566389..15566621	 R4:   R5:   R6:  
3L:15527693..15528595	3L:15578814..15579716	 R4:   R5:   R6:  
3L:15684690..15685009	3L:15735811..15736130	 R4:   R5:   R6:  
3L:15787376..15787821	3L:15838497..15838942	 R4:   R5:   R6:  
3L:15806419..15806717	3L:15857540..15857838	 R4:   R5:   R6:  
3L:15994663..15994876	3L:16045784..16045997	 R4:   R5:   R6:  
3L:15996738..15997128	3L:16047859..16048249	 R4:   R5:   R6:  
3L:16014385..16014586	3L:16065506..16065707	 R4:   R5:   R6:  
3L:16016656..16016993	3L:16067777..16068114	 R4:   R5:   R6:  
3L:16017160..16017407	3L:16068281..16068528	 R4:   R5:   R6:  
3L:16017453..16018343	3L:16068574..16069464	 R4:   R5:   R6:  
3L:16018527..16018907	3L:16069648..16070028	 R4:   R5:   R6:  
3L:16019172..16019724	3L:16070293..16070845	 R4:   R5:   R6:  
3L:16019795..16022490	3L:16070916..16073611	 R4:   R5:   R6:  
3L:16041595..16043679	3L:16092716..16094800	 R4:   R5:   R6:  
3L:16142488..16143581	3L:16193609..16194702	 R4:   R5:   R6:  
3L:16143742..16144654	3L:16194863..16195775	 R4:   R5:   R6:  
3L:16144747..16145046	3L:16195868..16196167	 R4:   R5:   R6:  
3L:16147160..16147412	3L:16198281..16198533	 R4:   R5:   R6:  
3L:16147788..16148081	3L:16198909..16199202	 R4:   R5:   R6:  
3L:16148587..16149569	3L:16199708..16200690	 R4:   R5:   R6:  
3L:16150778..16151015	3L:16201899..16202136	 R4:   R5:   R6:  
3L:16151336..16151874	3L:16202457..16202995	 R4:   R5:   R6:  
3L:16153591..16154153	3L:16204712..16205274	 R4:   R5:   R6:  
3L:16158564..16159388	3L:16209685..16210509	 R4:   R5:   R6:  
3L:16196559..16196839	3L:16247680..16247960	 R4:   R5:   R6:  
3L:16350196..16350930	3L:16401317..16402051	 R4:   R5:   R6:  
3L:16351228..16351449	3L:16402349..16402570	 R4:   R5:   R6:  
3L:16386926..16387769	3L:16438047..16438890	 R4:   R5:   R6:  
3L:16487558..16487920	3L:16538679..16539041	 R4:   R5:   R6:  
3L:16537558..16537771	3L:16588679..16588892	 R4:   R5:   R6:  
3L:16575389..16575600	3L:16626510..16626721	 R4:   R5:   R6:  
3L:16653141..16653342	3L:16704261..16704462	 R4:   R5:   R6:  
3L:16703784..16704279	3L:16754904..16755399	 R4:   R5:   R6:  
3L:16761361..16761846	3L:16812481..16812966	 R4:   R5:   R6:  
3L:16775205..16775413	3L:16826325..16826533	 R4:   R5:   R6:  
3L:16794679..16795538	3L:16845799..16846658	 R4:   R5:   R6:  
3L:16857855..16858276	3L:16908975..16909396	 R4:   R5:   R6:  
3L:16869246..16870126	3L:16920366..16921246	 R4:   R5:   R6:  
3L:16873895..16874434	3L:16925015..16925554	 R4:   R5:   R6:  
3L:16874600..16874839	3L:16925720..16925959	 R4:   R5:   R6:  
3L:16949165..16949692	3L:17000285..17000812	 R4:   R5:   R6:  
3L:16949861..16950397	3L:17000981..17001517	 R4:   R5:   R6:  
3L:16950700..16951197	3L:17001820..17002317	 R4:   R5:   R6:  
3L:16994386..16994627	3L:17045506..17045747	 R4:   R5:   R6:  
3L:16996932..16997606	3L:17048052..17048726	 R4:   R5:   R6:  
3L:16999323..16999842	3L:17050443..17050962	 R4:   R5:   R6:  
3L:17002889..17003090	3L:17054009..17054210	 R4:   R5:   R6:  
3L:17204093..17204381	3L:17255213..17255501	 R4:   R5:   R6:  
3L:17395591..17396345	3L:17446712..17447466	 R4:   R5:   R6:  
3L:17527457..17527877	3L:17578578..17578998	 R4:   R5:   R6:  
3L:17834674..17834964	3L:17885795..17886085	 R4:   R5:   R6:  
3L:17835151..17835563	3L:17886272..17886684	 R4:   R5:   R6:  
3L:17898904..17899197	3L:17950025..17950318	 R4:   R5:   R6:  
3L:17940825..17941373	3L:17991946..17992494	 R4:   R5:   R6:  
3L:17941456..17942395	3L:17992577..17993516	 R4:   R5:   R6:  
3L:17942983..17943290	3L:17994104..17994411	 R4:   R5:   R6:  
3L:17997987..17998322	3L:18049108..18049443	 R4:   R5:   R6:  
3L:17998375..17998594	3L:18049496..18049715	 R4:   R5:   R6:  
3L:18011600..18012249	3L:18062721..18063370	 R4:   R5:   R6:  
3L:18178639..18179418	3L:18229760..18230539	 R4:   R5:   R6:  
3L:18205201..18205766	3L:18256322..18256887	 R4:   R5:   R6:  
3L:18395581..18396225	3L:18446702..18447346	 R4:   R5:   R6:  
3L:18658187..18658522	3L:18709308..18709643	 R4:   R5:   R6:  
3L:18739650..18740259	3L:18790771..18791380	 R4:   R5:   R6:  
3L:18778173..18778398	3L:18829294..18829519	 R4:   R5:   R6:  
3L:18860113..18860383	3L:18911234..18911504	 R4:   R5:   R6:  
3L:18988436..18989805	3L:19039557..19040926	 R4:   R5:   R6:  
3L:19007719..19008319	3L:19058840..19059440	 R4:   R5:   R6:  
3L:19008893..19009325	3L:19060014..19060446	 R4:   R5:   R6:  
3L:19009450..19010192	3L:19060571..19061313	 R4:   R5:   R6:  
3L:19010474..19010724	3L:19061595..19061845	 R4:   R5:   R6:  
3L:19012273..19013126	3L:19063394..19064247	 R4:   R5:   R6:  
3L:19032851..19033222	3L:19083972..19084343	 R4:   R5:   R6:  
3L:19038508..19040033	3L:19089629..19091154	 R4:   R5:   R6:  
3L:19065998..19066201	3L:19117119..19117322	 R4:   R5:   R6:  
3L:19070731..19071085	3L:19121852..19122206	 R4:   R5:   R6:  
3L:19072458..19072861	3L:19123579..19123982	 R4:   R5:   R6:  
3L:19181747..19182077	3L:19232868..19233198	 R4:   R5:   R6:  
3L:19218596..19219096	3L:19269717..19270217	 R4:   R5:   R6:  
3L:19255820..19256143	3L:19306941..19307264	 R4:   R5:   R6:  
3L:19676605..19676944	3L:19758064..19758403	 R4:   R5:   R6:  
3L:19780023..19780265	3L:19861484..19861726	 R4:   R5:   R6:  
3L:19784212..19784442	3L:19865673..19865903	 R4:   R5:   R6:  
3L:19891662..19892831	3L:19973124..19974293	 R4:   R5:   R6:  
3L:19893455..19893659	3L:19974917..19975121	 R4:   R5:   R6:  
3L:19901488..19901836	3L:19982950..19983298	 R4:   R5:   R6:  
3L:19994736..19995519	3L:20076198..20076981	 R4:   R5:   R6:  
3L:20188431..20188744	3L:20269893..20270206	 R4:   R5:   R6:  
3L:20188853..20189626	3L:20270315..20271088	 R4:   R5:   R6:  
3L:20387438..20387746	3L:20468900..20469208	 R4:   R5:   R6:  
3L:20387790..20388925	3L:20469252..20470387	 R4:   R5:   R6:  
3L:20390502..20390754	3L:20471964..20472216	 R4:   R5:   R6:  
3L:20391641..20391898	3L:20473103..20473360	 R4:   R5:   R6:  
3L:20424311..20424527	3L:20505773..20505989	 R4:   R5:   R6:  
3L:20501784..20502314	3L:20583246..20583776	 R4:   R5:   R6:  
3L:20511601..20511818	3L:20593063..20593280	 R4:   R5:   R6:  
3L:20779894..20780363	3L:20862618..20863087	 R4:   R5:   R6:  
3L:20831977..20832272	3L:20914701..20914996	 R4:   R5:   R6:  
3L:20916179..20916583	3L:20998903..20999307	 R4:   R5:   R6:  
3L:21003208..21003578	3L:21085932..21086302	 R4:   R5:   R6:  
3L:21017747..21018109	3L:21100471..21100833	 R4:   R5:   R6:  
3L:21029400..21029662	3L:21112124..21112386	 R4:   R5:   R6:  
3L:21035751..21035998	3L:21118475..21118722	 R4:   R5:   R6:  
3L:21050174..21050932	3L:21132898..21133656	 R4:   R5:   R6:  
3L:21054005..21054331	3L:21136729..21137055	 R4:   R5:   R6:  
3L:21194485..21194808	3L:21277209..21277532	 R4:   R5:   R6:  
3L:21234691..21235099	3L:21317415..21317823	 R4:   R5:   R6:  
3L:21273709..21274009	3L:21356433..21356733	 R4:   R5:   R6:  
3L:21377869..21378127	3L:21460593..21460851	 R4:   R5:   R6:  
3L:21410295..21410740	3L:21493017..21493462	 R4:   R5:   R6:  
3L:21439489..21439743	3L:21522211..21522465	 R4:   R5:   R6:  
3L:21555425..21555806	3L:21638147..21638528	 R4:   R5:   R6:  
3L:21834027..21834251	3L:21916749..21916973	 R4:   R5:   R6:  
3L:21872736..21873815	3L:21955458..21956537	 R4:   R5:   R6:  
3L:21946959..21948192	3L:22029681..22030914	 R4:   R5:   R6:  
3L:22066462..22066708	3L:22149184..22149430	 R4:   R5:   R6:  
3L:22169281..22169521	3L:22252003..22252243	 R4:   R5:   R6:  
3L:22713307..22713627	3L:22796029..22796349	 R4:   R5:   R6:  
3L:22816998..22817249	3L:22899720..22899971	 R4:   R5:   R6:  
3L:22862216..22862761	3L:22944938..22945483	 R4:   R5:   R6:  
3L:22878071..22878308	3L:22960793..22961030	 R4:   R5:   R6:  
3L:23116676..23117848	3L:?..?	 R4: in area of change R5:  failed to convert R6:  failed to convert
3R:203885..204595	3R:4378164..4378874	 R4:   R5:   R6:  
3R:226850..227442	3R:4401129..4401721	 R4:   R5:   R6:  
3R:427571..427983	3R:4601850..4602262	 R4:   R5:   R6:  
3R:492322..492570	3R:4666601..4666849	 R4:   R5:   R6:  
3R:573268..573652	3R:4747547..4747931	 R4:   R5:   R6:  
3R:631634..632075	3R:4805913..4806354	 R4:   R5:   R6:  
3R:737346..737566	3R:4911627..4911847	 R4:   R5:   R6:  
3R:800367..802249	3R:4974648..4976530	 R4:   R5:   R6:  
3R:890181..890460	3R:5064462..5064741	 R4:   R5:   R6:  
3R:890527..891401	3R:5064808..5065682	 R4:   R5:   R6:  
3R:904728..905086	3R:5079009..5079367	 R4:   R5:   R6:  
3R:948164..948513	3R:5122445..5122794	 R4:   R5:   R6:  
3R:1089091..1089827	3R:5263372..5264108	 R4:   R5:   R6:  
3R:1106958..1108245	3R:5281239..5282526	 R4:   R5:   R6:  
3R:1110230..1110431	3R:5284511..5284712	 R4:   R5:   R6:  
3R:1188638..1188956	3R:5362919..5363237	 R4:   R5:   R6:  
3R:1497523..1497788	3R:5671804..5672069	 R4:   R5:   R6:  
3R:1561420..1562871	3R:5735701..5737152	 R4:   R5:   R6:  
3R:1647739..1648013	3R:5822020..5822294	 R4:   R5:   R6:  
3R:2223333..2223613	3R:6397611..6397891	 R4:   R5:   R6:  
3R:2230503..2230780	3R:6404781..6405058	 R4:   R5:   R6:  
3R:2470289..2470610	3R:6644566..6644887	 R4:   R5:   R6:  
3R:2470778..2471157	3R:6645055..6645434	 R4:   R5:   R6:  
3R:2484657..2484869	3R:6658934..6659146	 R4:   R5:   R6:  
3R:2914735..2917373	3R:7089012..7091650	 R4:   R5:   R6:  
3R:2956158..2956402	3R:7130417..7130661	 R4:   R5:   R6:  
3R:3839362..3839579	3R:8013625..8013842	 R4:   R5:   R6:  
3R:3919915..3920145	3R:8094178..8094408	 R4:   R5:   R6:  
3R:3935527..3936354	3R:8109790..8110617	 R4:   R5:   R6:  
3R:4032740..4032982	3R:8207003..8207245	 R4:   R5:   R6:  
3R:4059579..4060253	3R:8233842..8234516	 R4:   R5:   R6:  
3R:4492966..4493168	3R:8667229..8667431	 R4:   R5:   R6:  
3R:4495701..4495933	3R:8669964..8670196	 R4:   R5:   R6:  
3R:4610514..4610904	3R:8784777..8785167	 R4:   R5:   R6:  
3R:4633746..4633993	3R:8808009..8808256	 R4:   R5:   R6:  
3R:4634646..4635359	3R:8808909..8809622	 R4:   R5:   R6:  
3R:4635545..4635935	3R:8809808..8810198	 R4:   R5:   R6:  
3R:4637077..4638013	3R:8811340..8812276	 R4:   R5:   R6:  
3R:4638085..4638519	3R:8812348..8812782	 R4:   R5:   R6:  
3R:4638568..4638870	3R:8812831..8813133	 R4:   R5:   R6:  
3R:4641066..4641384	3R:8815329..8815647	 R4:   R5:   R6:  
3R:4648365..4648595	3R:8822628..8822858	 R4:   R5:   R6:  
3R:4753316..4753953	3R:8927579..8928216	 R4:   R5:   R6:  
3R:4806675..4806885	3R:8980938..8981148	 R4:   R5:   R6:  
3R:4828473..4828902	3R:9002736..9003165	 R4:   R5:   R6:  
3R:4880467..4881597	3R:9054730..9055860	 R4:   R5:   R6:  
3R:4881883..4882584	3R:9056146..9056847	 R4:   R5:   R6:  
3R:4997185..4997508	3R:9171447..9171770	 R4:   R5:   R6:  
3R:5056059..5056493	3R:9230321..9230755	 R4:   R5:   R6:  
3R:5164141..5164633	3R:9338403..9338895	 R4:   R5:   R6:  
3R:5164831..5165147	3R:9339093..9339409	 R4:   R5:   R6:  
3R:5166138..5166652	3R:9340400..9340914	 R4:   R5:   R6:  
3R:5173415..5173679	3R:9347677..9347941	 R4:   R5:   R6:  
3R:5176821..5177383	3R:9351083..9351645	 R4:   R5:   R6:  
3R:5250608..5251300	3R:9424870..9425562	 R4:   R5:   R6:  
3R:5257064..5257305	3R:9431326..9431567	 R4:   R5:   R6:  
3R:5262817..5263167	3R:9437079..9437429	 R4:   R5:   R6:  
3R:5326013..5326847	3R:9500275..9501109	 R4:   R5:   R6:  
3R:5359510..5359841	3R:9533772..9534103	 R4:   R5:   R6:  
3R:5375099..5375324	3R:9549361..9549586	 R4:   R5:   R6:  
3R:5388034..5388235	3R:9562296..9562497	 R4:   R5:   R6:  
3R:5400922..5401189	3R:9575184..9575451	 R4:   R5:   R6:  
3R:5433938..5434249	3R:9608200..9608511	 R4:   R5:   R6:  
3R:5529817..5530035	3R:9704079..9704297	 R4:   R5:   R6:  
3R:5594400..5594607	3R:9768662..9768869	 R4:   R5:   R6:  
3R:5768289..5769637	3R:9942551..9943899	 R4:   R5:   R6:  
3R:5796274..5796539	3R:9970534..9970799	 R4:   R5:   R6:  
3R:5870444..5870651	3R:10044704..10044911	 R4:   R5:   R6:  
3R:5913567..5913804	3R:10087827..10088064	 R4:   R5:   R6:  
3R:5922454..5922701	3R:10096714..10096961	 R4:   R5:   R6:  
3R:5923719..5924606	3R:10097979..10098866	 R4:   R5:   R6:  
3R:5925322..5925523	3R:10099582..10099783	 R4:   R5:   R6:  
3R:6090406..6090607	3R:10264666..10264867	 R4:   R5:   R6:  
3R:6213585..6213787	3R:10387845..10388047	 R4:   R5:   R6:  
3R:6405399..6405610	3R:10579659..10579870	 R4:   R5:   R6:  
3R:6509170..6509721	3R:10683430..10683981	 R4:   R5:   R6:  
3R:6709486..6710552	3R:10883746..10884812	 R4:   R5:   R6:  
3R:6711852..6712062	3R:10886112..10886322	 R4:   R5:   R6:  
3R:6745287..6745515	3R:10919547..10919775	 R4:   R5:   R6:  
3R:6745805..6746661	3R:10920065..10920921	 R4:   R5:   R6:  
3R:7026170..7027131	3R:11200430..11201391	 R4:   R5:   R6:  
3R:7052027..7052964	3R:11226287..11227224	 R4:   R5:   R6:  
3R:7280250..7280636	3R:11454510..11454896	 R4:   R5:   R6:  
3R:7316329..7316749	3R:11490589..11491009	 R4:   R5:   R6:  
3R:7333050..7333282	3R:11507310..11507542	 R4:   R5:   R6:  
3R:7387827..7388328	3R:11562087..11562588	 R4:   R5:   R6:  
3R:7407833..7408898	3R:11582093..11583158	 R4:   R5:   R6:  
3R:7588274..7588507	3R:11762534..11762767	 R4:   R5:   R6:  
3R:7603881..7605213	3R:11778141..11779473	 R4:   R5:   R6:  
3R:7605449..7605737	3R:11779709..11779997	 R4:   R5:   R6:  
3R:7647180..7647746	3R:11821440..11822006	 R4:   R5:   R6:  
3R:7802241..7802506	3R:11976501..11976766	 R4:   R5:   R6:  
3R:7803308..7803931	3R:11977568..11978191	 R4:   R5:   R6:  
3R:8012236..8012710	3R:12186495..12186969	 R4:   R5:   R6:  
3R:8266668..8266869	3R:12440927..12441128	 R4:   R5:   R6:  
3R:8417400..8417890	3R:12591659..12592149	 R4:   R5:   R6:  
3R:8455145..8455475	3R:12629404..12629734	 R4:   R5:   R6:  
3R:8469626..8470136	3R:12643885..12644395	 R4:   R5:   R6:  
3R:8838057..8838547	3R:13012316..13012806	 R4:   R5:   R6:  
3R:8839900..8840199	3R:13014159..13014458	 R4:   R5:   R6:  
3R:9539678..9540670	3R:13713937..13714929	 R4:   R5:   R6:  
3R:9541535..9541798	3R:13715794..13716057	 R4:   R5:   R6:  
3R:9605798..9606250	3R:13780057..13780509	 R4:   R5:   R6:  
3R:9606880..9608144	3R:13781139..13782403	 R4:   R5:   R6:  
3R:9641321..9641544	3R:13815580..13815803	 R4:   R5:   R6:  
3R:9641862..9642110	3R:13816121..13816369	 R4:   R5:   R6:  
3R:9795089..9795290	3R:13969348..13969549	 R4:   R5:   R6:  
3R:9809091..9809799	3R:13983350..13984058	 R4:   R5:   R6:  
3R:9838500..9838958	3R:14012759..14013217	 R4:   R5:   R6:  
3R:9842662..9842886	3R:14016921..14017145	 R4:   R5:   R6:  
3R:9851179..9851519	3R:14025438..14025778	 R4:   R5:   R6:  
3R:9858868..9859305	3R:14033127..14033564	 R4:   R5:   R6:  
3R:9887505..9887833	3R:14061764..14062092	 R4:   R5:   R6:  
3R:9889798..9890398	3R:14064057..14064657	 R4:   R5:   R6:  
3R:10049944..10050173	3R:14224203..14224432	 R4:   R5:   R6:  
3R:10111609..10111870	3R:14285868..14286129	 R4:   R5:   R6:  
3R:10122224..10122527	3R:14296483..14296786	 R4:   R5:   R6:  
3R:10122638..10122875	3R:14296897..14297134	 R4:   R5:   R6:  
3R:10213571..10213831	3R:14387830..14388090	 R4:   R5:   R6:  
3R:10382740..10382987	3R:14557000..14557247	 R4:   R5:   R6:  
3R:10434757..10434961	3R:14609017..14609221	 R4:   R5:   R6:  
3R:10435020..10435345	3R:14609280..14609605	 R4:   R5:   R6:  
3R:10450046..10450601	3R:14624306..14624861	 R4:   R5:   R6:  
3R:10481583..10482060	3R:14655843..14656320	 R4:   R5:   R6:  
3R:10532613..10533725	3R:14706873..14707985	 R4:   R5:   R6:  
3R:10547208..10547603	3R:14721468..14721863	 R4:   R5:   R6:  
3R:10560809..10561387	3R:14735069..14735647	 R4:   R5:   R6:  
3R:10567554..10567833	3R:14741814..14742093	 R4:   R5:   R6:  
3R:10573811..10574031	3R:14748071..14748291	 R4:   R5:   R6:  
3R:10574293..10574593	3R:14748553..14748853	 R4:   R5:   R6:  
3R:10580569..10581159	3R:14754829..14755419	 R4:   R5:   R6:  
3R:10913551..10913839	3R:15087811..15088099	 R4:   R5:   R6:  
3R:10975362..10975791	3R:15149622..15150051	 R4:   R5:   R6:  
3R:11054672..11055914	3R:15228932..15230174	 R4:   R5:   R6:  
3R:11103505..11104438	3R:15277765..15278698	 R4:   R5:   R6:  
3R:11168467..11170180	3R:15342727..15344440	 R4:   R5:   R6:  
3R:11290084..11290382	3R:15464344..15464642	 R4:   R5:   R6:  
3R:11297159..11297415	3R:15471419..15471675	 R4:   R5:   R6:  
3R:11642178..11642489	3R:15816438..15816749	 R4:   R5:   R6:  
3R:11919871..11920705	3R:16094131..16094965	 R4:   R5:   R6:  
3R:12033568..12033891	3R:16207828..16208151	 R4:   R5:   R6:  
3R:12034467..12035189	3R:16208727..16209449	 R4:   R5:   R6:  
3R:12050612..12051458	3R:16224872..16225718	 R4:   R5:   R6:  
3R:12054375..12054802	3R:16228635..16229062	 R4:   R5:   R6:  
3R:12055782..12057031	3R:16230042..16231291	 R4:   R5:   R6:  
3R:12064110..12064436	3R:16238370..16238696	 R4:   R5:   R6:  
3R:12065786..12066314	3R:16240046..16240574	 R4:   R5:   R6:  
3R:12075660..12075934	3R:16249920..16250194	 R4:   R5:   R6:  
3R:12078006..12078268	3R:16252266..16252528	 R4:   R5:   R6:  
3R:12078314..12078630	3R:16252574..16252890	 R4:   R5:   R6:  
3R:12087627..12087854	3R:16261887..16262114	 R4:   R5:   R6:  
3R:12106263..12106538	3R:16280523..16280798	 R4:   R5:   R6:  
3R:12174548..12174750	3R:16348808..16349010	 R4:   R5:   R6:  
3R:12177729..12177957	3R:16351989..16352217	 R4:   R5:   R6:  
3R:12477193..12477422	3R:16651453..16651682	 R4:   R5:   R6:  
3R:12811418..12811834	3R:16985681..16986097	 R4:   R5:   R6:  
3R:12889458..12889835	3R:17063721..17064098	 R4:   R5:   R6:  
3R:12891907..12892108	3R:17066170..17066371	 R4:   R5:   R6:  
3R:13219903..13221040	3R:17394166..17395303	 R4:   R5:   R6:  
3R:13444364..13444586	3R:17618627..17618849	 R4:   R5:   R6:  
3R:13444787..13445015	3R:17619050..17619278	 R4:   R5:   R6:  
3R:13472660..13473363	3R:17646923..17647626	 R4:   R5:   R6:  
3R:13507320..13507696	3R:17681583..17681959	 R4:   R5:   R6:  
3R:13509600..13509805	3R:17683863..17684068	 R4:   R5:   R6:  
3R:13609792..13610119	3R:17784055..17784382	 R4:   R5:   R6:  
3R:13751657..13753282	3R:17925920..17927545	 R4:   R5:   R6:  
3R:13875228..13875820	3R:18049491..18050083	 R4:   R5:   R6:  
3R:14023495..14023717	3R:18197758..18197980	 R4:   R5:   R6:  
3R:14223878..14224201	3R:18398140..18398463	 R4:   R5:   R6:  
3R:14224996..14225220	3R:18399258..18399482	 R4:   R5:   R6:  
3R:14261443..14262824	3R:18435705..18437086	 R4:   R5:   R6:  
3R:14358912..14359240	3R:18533174..18533502	 R4:   R5:   R6:  
3R:14495594..14495892	3R:18669855..18670153	 R4:   R5:   R6:  
3R:14566837..14568983	3R:18741098..18743244	 R4:   R5:   R6:  
3R:14620958..14621880	3R:18795219..18796141	 R4:   R5:   R6:  
3R:14749446..14749668	3R:18923707..18923929	 R4:   R5:   R6:  
3R:14811024..14811592	3R:18985285..18985853	 R4:   R5:   R6:  
3R:14944239..14944502	3R:19118500..19118763	 R4:   R5:   R6:  
3R:15001829..15002068	3R:19176090..19176329	 R4:   R5:   R6:  
3R:15286308..15286860	3R:19460569..19461121	 R4:   R5:   R6:  
3R:15363237..15363629	3R:19537498..19537890	 R4:   R5:   R6:  
3R:15452975..15454265	3R:19627236..19628526	 R4:   R5:   R6:  
3R:15685211..15685518	3R:19859472..19859779	 R4:   R5:   R6:  
3R:15825049..15825933	3R:19999310..20000194	 R4:   R5:   R6:  
3R:15881863..15882585	3R:20056124..20056846	 R4:   R5:   R6:  
3R:15924372..15924809	3R:20098633..20099070	 R4:   R5:   R6:  
3R:16083821..16084022	3R:20258082..20258283	 R4:   R5:   R6:  
3R:16088672..16089215	3R:20262933..20263476	 R4:   R5:   R6:  
3R:16091216..16091489	3R:20265477..20265750	 R4:   R5:   R6:  
3R:16374789..16375647	3R:20549050..20549908	 R4:   R5:   R6:  
3R:16382102..16382574	3R:20556363..20556835	 R4:   R5:   R6:  
3R:16419359..16419906	3R:20593620..20594167	 R4:   R5:   R6:  
3R:16644783..16645416	3R:20819044..20819677	 R4:   R5:   R6:  
3R:16646280..16646548	3R:20820541..20820809	 R4:   R5:   R6:  
3R:16786497..16787070	3R:20960758..20961331	 R4:   R5:   R6:  
3R:16892470..16892671	3R:21066731..21066932	 R4:   R5:   R6:  
3R:16906499..16906791	3R:21080760..21081052	 R4:   R5:   R6:  
3R:16918351..16918906	3R:21092612..21093167	 R4:   R5:   R6:  
3R:16927417..16927965	3R:21101678..21102226	 R4:   R5:   R6:  
3R:16954314..16954557	3R:21128575..21128818	 R4:   R5:   R6:  
3R:17012379..17012582	3R:21186640..21186843	 R4:   R5:   R6:  
3R:17029797..17030561	3R:21204058..21204822	 R4:   R5:   R6:  
3R:17245281..17245967	3R:21428595..21429281	 R4:   R5:   R6:  
3R:17416409..17416639	3R:21599723..21599953	 R4:   R5:   R6:  
3R:17417032..17417274	3R:21600346..21600588	 R4:   R5:   R6:  
3R:17417390..17417766	3R:21600704..21601080	 R4:   R5:   R6:  
3R:17423590..17423887	3R:21606904..21607201	 R4:   R5:   R6:  
3R:17438237..17439170	3R:21621551..21622484	 R4:   R5:   R6:  
3R:17476667..17477347	3R:21659981..21660661	 R4:   R5:   R6:  
3R:17482535..17482759	3R:21665849..21666073	 R4:   R5:   R6:  
3R:17653107..17653627	3R:21836421..21836941	 R4:   R5:   R6:  
3R:17660965..17661519	3R:21844279..21844833	 R4:   R5:   R6:  
3R:17699952..17701044	3R:21883266..21884358	 R4:   R5:   R6:  
3R:17702446..17702675	3R:21885760..21885989	 R4:   R5:   R6:  
3R:18021344..18021821	3R:22204658..22205135	 R4:   R5:   R6:  
3R:18184361..18184571	3R:22367675..22367885	 R4:   R5:   R6:  
3R:18194167..18194945	3R:22377481..22378259	 R4:   R5:   R6:  
3R:18275131..18275382	3R:22458753..22459004	 R4:   R5:   R6:  
3R:18294480..18295173	3R:22478102..22478795	 R4:   R5:   R6:  
3R:18322475..18322696	3R:22506097..22506318	 R4:   R5:   R6:  
3R:18371694..18372091	3R:22555316..22555713	 R4:   R5:   R6:  
3R:18416473..18416855	3R:22600095..22600477	 R4:   R5:   R6:  
3R:18418044..18418289	3R:22601666..22601911	 R4:   R5:   R6:  
3R:18576871..18577140	3R:22760493..22760762	 R4:   R5:   R6:  
3R:18690077..18690412	3R:22873699..22874034	 R4:   R5:   R6:  
3R:18981263..18982578	3R:23164884..23166199	 R4:   R5:   R6:  
3R:19016518..19016746	3R:23200139..23200367	 R4:   R5:   R6:  
3R:19051122..19051382	3R:23234743..23235003	 R4:   R5:   R6:  
3R:19065983..19066476	3R:23249604..23250097	 R4:   R5:   R6:  
3R:19159501..19159849	3R:23343122..23343470	 R4:   R5:   R6:  
3R:19182347..19183933	3R:23365968..23367554	 R4:   R5:   R6:  
3R:19437758..19438078	3R:23621379..23621699	 R4:   R5:   R6:  
3R:19482935..19483629	3R:23666556..23667250	 R4:   R5:   R6:  
3R:19504838..19505098	3R:23688459..23688719	 R4:   R5:   R6:  
3R:19697472..19697934	3R:23881093..23881555	 R4:   R5:   R6:  
3R:19787569..19787819	3R:23971190..23971440	 R4:   R5:   R6:  
3R:19832222..19832682	3R:24015843..24016303	 R4:   R5:   R6:  
3R:19832855..19834128	3R:24016476..24017749	 R4:   R5:   R6:  
3R:19851623..19852276	3R:24035244..24035897	 R4:   R5:   R6:  
3R:19901798..19904499	3R:24085419..24088120	 R4:   R5:   R6:  
3R:19904678..19905019	3R:24088299..24088640	 R4:   R5:   R6:  
3R:19924521..19927125	3R:24108142..24110746	 R4:   R5:   R6:  
3R:19933242..19933479	3R:24116863..24117100	 R4:   R5:   R6:  
3R:19934379..19936396	3R:24118000..24120017	 R4:   R5:   R6:  
3R:19987030..19987235	3R:24170651..24170856	 R4:   R5:   R6:  
3R:19987333..19987617	3R:24170954..24171238	 R4:   R5:   R6:  
3R:20031613..20032229	3R:24215234..24215850	 R4:   R5:   R6:  
3R:20089717..20090497	3R:24273338..24274118	 R4:   R5:   R6:  
3R:20097469..20097734	3R:24281090..24281355	 R4:   R5:   R6:  
3R:20097781..20098295	3R:24281402..24281916	 R4:   R5:   R6:  
3R:20392392..20393473	3R:24576013..24577094	 R4:   R5:   R6:  
3R:20394624..20394892	3R:24578245..24578513	 R4:   R5:   R6:  
3R:20435613..20435931	3R:24619234..24619552	 R4:   R5:   R6:  
3R:20637337..20637748	3R:24820958..24821369	 R4:   R5:   R6:  
3R:20637931..20638273	3R:24821552..24821894	 R4:   R5:   R6:  
3R:20876220..20877751	3R:25059841..25061372	 R4:   R5:   R6:  
3R:20878130..20878366	3R:25061751..25061987	 R4:   R5:   R6:  
3R:20879708..20879926	3R:25063329..25063547	 R4:   R5:   R6:  
3R:20880906..20881156	3R:25064527..25064777	 R4:   R5:   R6:  
3R:20881261..20881583	3R:25064882..25065204	 R4:   R5:   R6:  
3R:20901757..20901983	3R:25085378..25085604	 R4:   R5:   R6:  
3R:20999986..21000242	3R:25183607..25183863	 R4:   R5:   R6:  
3R:21129013..21129315	3R:25312634..25312936	 R4:   R5:   R6:  
3R:21201413..21201704	3R:25385034..25385325	 R4:   R5:   R6:  
3R:21284789..21285086	3R:25469702..25469999	 R4:   R5:   R6:  
3R:21315196..21316539	3R:25500109..25501452	 R4:   R5:   R6:  
3R:21341289..21341932	3R:25526202..25526845	 R4:   R5:   R6:  
3R:21463161..21463484	3R:25648074..25648397	 R4:   R5:   R6:  
3R:21504969..21505198	3R:25689882..25690111	 R4:   R5:   R6:  
3R:21519975..21520235	3R:25704888..25705148	 R4:   R5:   R6:  
3R:21868204..21868450	3R:26053117..26053363	 R4:   R5:   R6:  
3R:22382983..22383212	3R:26567896..26568125	 R4:   R5:   R6:  
3R:22623975..22624885	3R:26808888..26809798	 R4:   R5:   R6:  
3R:22771876..22772616	3R:26956789..26957529	 R4:   R5:   R6:  
3R:22773951..22774194	3R:26958864..26959107	 R4:   R5:   R6:  
3R:22778122..22778750	3R:26963035..26963663	 R4:   R5:   R6:  
3R:22778992..22780350	3R:26963905..26965263	 R4:   R5:   R6:  
3R:22814838..22815704	3R:26999751..27000617	 R4:   R5:   R6:  
3R:22889750..22890118	3R:27074663..27075031	 R4:   R5:   R6:  
3R:22954951..22955427	3R:27139864..27140340	 R4:   R5:   R6:  
3R:22976196..22976469	3R:27161109..27161382	 R4:   R5:   R6:  
3R:22978862..22979139	3R:27163775..27164052	 R4:   R5:   R6:  
3R:23393911..23394192	3R:27578824..27579105	 R4:   R5:   R6:  
3R:23435343..23436064	3R:27620256..27620977	 R4:   R5:   R6:  
3R:24153847..24155089	3R:28338759..28340001	 R4:   R5:   R6:  
3R:24672708..24673072	3R:28857620..28857984	 R4:   R5:   R6:  
3R:24737500..24737972	3R:28922412..28922884	 R4:   R5:   R6:  
3R:24982897..24984424	3R:29167809..29169336	 R4:   R5:   R6:  
3R:25564087..25564874	3R:29748999..29749786	 R4:   R5:   R6:  
3R:25564971..25565438	3R:29749883..29750350	 R4:   R5:   R6:  
3R:25598953..25600116	3R:29783865..29785028	 R4:   R5:   R6:  
3R:25603317..25604258	3R:29788229..29789170	 R4:   R5:   R6:  
3R:25608712..25609005	3R:29793624..29793917	 R4:   R5:   R6:  
3R:25910113..25911114	3R:30095025..30096026	 R4:   R5:   R6:  
3R:25911247..25911684	3R:30096159..30096596	 R4:   R5:   R6:  
3R:25911755..25911980	3R:30096667..30096892	 R4:   R5:   R6:  
3R:25912187..25912523	3R:30097099..30097435	 R4:   R5:   R6:  
3R:25912754..25913015	3R:30097666..30097927	 R4:   R5:   R6:  
3R:25917645..25918839	3R:30102557..30103751	 R4:   R5:   R6:  
3R:26017050..26017639	3R:30201962..30202551	 R4:   R5:   R6:  
3R:26025630..26026253	3R:30210542..30211165	 R4:   R5:   R6:  
3R:26029009..26029224	3R:30213921..30214136	 R4:   R5:   R6:  
3R:26107902..26108572	3R:30292814..30293484	 R4:   R5:   R6:  
3R:26111939..26112751	3R:30296851..30297663	 R4:   R5:   R6:  
3R:26127990..26128584	3R:30312902..30313496	 R4:   R5:   R6:  
3R:26161998..26162251	3R:30346910..30347163	 R4:   R5:   R6:  
3R:26213963..26214339	3R:30398875..30399251	 R4:   R5:   R6:  
3R:26276449..26276843	3R:30461361..30461755	 R4:   R5:   R6:  
3R:26277107..26277310	3R:30462019..30462222	 R4:   R5:   R6:  
3R:26326968..26327226	3R:30511880..30512138	 R4:   R5:   R6:  
3R:26357183..26357437	3R:30542095..30542349	 R4:   R5:   R6:  
3R:26393041..26393363	3R:30577953..30578275	 R4:   R5:   R6:  
3R:26622057..26622392	3R:30806969..30807304	 R4:   R5:   R6:  
3R:26622521..26623643	3R:30807433..30808555	 R4:   R5:   R6:  
3R:26624208..26624534	3R:30809120..30809446	 R4:   R5:   R6:  
3R:26625171..26625372	3R:30810083..30810284	 R4:   R5:   R6:  
3R:26627376..26628367	3R:30812288..30813279	 R4:   R5:   R6:  
3R:26629463..26630093	3R:30814375..30815005	 R4:   R5:   R6:  
3R:26885213..26886183	3R:31070125..31071095	 R4:   R5:   R6:  
3R:27049675..27050274	3R:31234587..31235186	 R4:   R5:   R6:  
3R:27207058..27208193	3R:31391970..31393105	 R4:   R5:   R6:  
3R:27208251..27208455	3R:31393163..31393367	 R4:   R5:   R6:  
3R:27535393..27535858	3R:31720305..31720770	 R4:   R5:   R6:  
3R:27543958..27544723	3R:31728870..31729635	 R4:   R5:   R6:  
3R:27636035..27636629	3R:31820947..31821541	 R4:   R5:   R6:  
3R:27636832..27637307	3R:31821744..31822219	 R4:   R5:   R6:  
3R:27803015..27803586	3R:31987927..31988498	 R4:   R5:   R6:  
3RHet:2472431..2472803	3RHet:?..?	 R4: in area of change R5:  failed to convert R6:  failed to convert
4:200999..201202	4:180749..180952	 R4:   R5:   R6:  
4:329453..329691	4:309714..309952	 R4:   R5:   R6:  
4:509623..509894	4:489884..490155	 R4:   R5:   R6:  
4:724289..725164	4:704550..705425	 R4:   R5:   R6:  
4:828136..828364	4:808548..808776	 R4:   R5:   R6:  
4:1223444..1223873	4:?..?	 R4: in area of change R5:  failed to convert R6:  failed to convert
U:5302781..5302987	U:?..?	 R4: in area of change R5:  failed to convert R6:  failed to convert
U:9596297..9596723	U:?..?	 R4: in area of change R5:  failed to convert R6:  failed to convert
U:9851810..9852021	U:?..?	 R4: in area of change R5:  failed to convert R6:  failed to convert
U:9977130..9977507	U:?..?	 R4: in area of change R5:  failed to convert R6:  failed to convert
U:10012720..10013127	U:?..?	 R4: in area of change R5:  failed to convert R6:  failed to convert
Uextra:278741..278982	Uextra:?..?	 R4: in area of change R5:  failed to convert R6:  failed to convert
Uextra:2814575..2814807	Uextra:?..?	 R4: in area of change R5:  failed to convert R6:  failed to convert
Uextra:3605762..3606155	Uextra:?..?	 R4: in area of change R5:  failed to convert R6:  failed to convert
Uextra:5171168..5171377	Uextra:?..?	 R4: in area of change R5:  failed to convert R6:  failed to convert
Uextra:5307338..5307846	Uextra:?..?	 R4: in area of change R5:  failed to convert R6:  failed to convert
Uextra:5433992..5434278	Uextra:?..?	 R4: in area of change R5:  failed to convert R6:  failed to convert
Uextra:6637457..6637708	Uextra:?..?	 R4: in area of change R5:  failed to convert R6:  failed to convert
Uextra:6743662..6744040	Uextra:?..?	 R4: in area of change R5:  failed to convert R6:  failed to convert
Uextra:7039437..7039700	Uextra:?..?	 R4: in area of change R5:  failed to convert R6:  failed to convert
Uextra:7293149..7293540	Uextra:?..?	 R4: in area of change R5:  failed to convert R6:  failed to convert
Uextra:7480191..7480433	Uextra:?..?	 R4: in area of change R5:  failed to convert R6:  failed to convert
Uextra:8615343..8616022	Uextra:?..?	 R4: in area of change R5:  failed to convert R6:  failed to convert
Uextra:10967776..10968158	Uextra:?..?	 R4: in area of change R5:  failed to convert R6:  failed to convert
Uextra:11723840..11724257	Uextra:?..?	 R4: in area of change R5:  failed to convert R6:  failed to convert
Uextra:16107485..16108006	Uextra:?..?	 R4: in area of change R5:  failed to convert R6:  failed to convert
Uextra:17323756..17324232	Uextra:?..?	 R4: in area of change R5:  failed to convert R6:  failed to convert
Uextra:19603821..19604126	Uextra:?..?	 R4: in area of change R5:  failed to convert R6:  failed to convert
Uextra:20287979..20288385	Uextra:?..?	 R4: in area of change R5:  failed to convert R6:  failed to convert
Uextra:22061915..22062342	Uextra:?..?	 R4: in area of change R5:  failed to convert R6:  failed to convert
Uextra:28549630..28549846	Uextra:?..?	 R4: in area of change R5:  failed to convert R6:  failed to convert
X:229017..229396	X:471579..471958	 R4:   R5:   R6:  
X:588810..589100	X:831373..831663	 R4:   R5:   R6:  
X:663201..663530	X:905764..906093	 R4:   R5:   R6:  
X:860909..861110	X:1103472..1103673	 R4:   R5:   R6:  
X:1001500..1001760	X:1244063..1244323	 R4:   R5:   R6:  
X:1129390..1129904	X:1371953..1372467	 R4:   R5:   R6:  
X:1153897..1154718	X:1396460..1397281	 R4:   R5:   R6:  
X:1171511..1172191	X:1414074..1414754	 R4:   R5:   R6:  
X:1512559..1513277	X:1755787..1756505	 R4:   R5:   R6:  
X:1718548..1719072	X:1961776..1962300	 R4:   R5:   R6:  
X:1726278..1726479	X:1969506..1969707	 R4:   R5:   R6:  
X:1755752..1756171	X:1998980..1999399	 R4:   R5:   R6:  
X:1930710..1931424	X:2173938..2174652	 R4:   R5:   R6:  
X:1977662..1978393	X:2220890..2221621	 R4:   R5:   R6:  
X:2030251..2030771	X:2273479..2273999	 R4:   R5:   R6:  
X:2031108..2031926	X:2274336..2275154	 R4:   R5:   R6:  
X:2191063..2191271	X:2434291..2434499	 R4:   R5:   R6:  
X:2212387..2212711	X:2455615..2455939	 R4:   R5:   R6:  
X:2638566..2638949	X:2881795..2882178	 R4:   R5:   R6:  
X:3188719..3189110	X:3430281..3430672	 R4:   R5:   R6:  
X:3257409..3257855	X:3498972..3499418	 R4:   R5:   R6:  
X:3265300..3265882	X:3506863..3507445	 R4:   R5:   R6:  
X:3275590..3276087	X:3517153..3517650	 R4:   R5:   R6:  
X:3297472..3297786	X:3539035..3539349	 R4:   R5:   R6:  
X:3319661..3319965	X:3561224..3561528	 R4:   R5:   R6:  
X:3637405..3638001	X:3896789..3897385	 R4:   R5:   R6:  
X:3641630..3641831	X:3901014..3901215	 R4:   R5:   R6:  
X:4570113..4570380	X:4829500..4829767	 R4:   R5:   R6:  
X:5251099..5251304	X:5510485..5510690	 R4:   R5:   R6:  
X:5253512..5253840	X:5512898..5513226	 R4:   R5:   R6:  
X:5594160..5594680	X:5853785..5854305	 R4:   R5:   R6:  
X:5620190..5620447	X:5879814..5880071	 R4:   R5:   R6:  
X:6146918..6147577	X:6406542..6407201	 R4:   R5:   R6:  
X:6237411..6237645	X:6497035..6497269	 R4:   R5:   R6:  
X:6564547..6564860	X:6824171..6824484	 R4:   R5:   R6:  
X:6593738..6593987	X:6853362..6853611	 R4:   R5:   R6:  
X:6597111..6598581	X:6856735..6858205	 R4:   R5:   R6:  
X:6760763..6761144	X:7020387..7020768	 R4:   R5:   R6:  
X:6879233..6879711	X:7138857..7139335	 R4:   R5:   R6:  
X:6881465..6881876	X:7141089..7141500	 R4:   R5:   R6:  
X:6894734..6895460	X:7154358..7155084	 R4:   R5:   R6:  
X:6908446..6908779	X:7168070..7168403	 R4:   R5:   R6:  
X:6908884..6909235	X:7168508..7168859	 R4:   R5:   R6:  
X:7475324..7475565	X:7734947..7735188	 R4:   R5:   R6:  
X:7512208..7512528	X:7771830..7772150	 R4:   R5:   R6:  
X:7587044..7587849	X:7848098..7848903	 R4:   R5:   R6:  
X:7596592..7598070	X:7857646..7859124	 R4:   R5:   R6:  
X:7601291..7601976	X:7862345..7863030	 R4:   R5:   R6:  
X:7602027..7602420	X:7863081..7863474	 R4:   R5:   R6:  
X:8127000..8127225	X:8388054..8388279	 R4:   R5:   R6:  
X:8142101..8142928	X:8403155..8403982	 R4:   R5:   R6:  
X:8187298..8187850	X:8448352..8448904	 R4:   R5:   R6:  
X:8188019..8188283	X:8449073..8449337	 R4:   R5:   R6:  
X:8189921..8190274	X:8450975..8451328	 R4:   R5:   R6:  
X:8436792..8437095	X:8697793..8698096	 R4:   R5:   R6:  
X:8453333..8454062	X:8714334..8715063	 R4:   R5:   R6:  
X:8577058..8577328	X:8838059..8838329	 R4:   R5:   R6:  
X:8778026..8778235	X:9039042..9039251	 R4:   R5:   R6:  
X:8783113..8784359	X:9044129..9045375	 R4:   R5:   R6:  
X:8785895..8786826	X:9046911..9047842	 R4:   R5:   R6:  
X:8789518..8789772	X:9050534..9050788	 R4:   R5:   R6:  
X:8790017..8790979	X:9051033..9051995	 R4:   R5:   R6:  
X:8797562..8797854	X:9058578..9058870	 R4:   R5:   R6:  
X:8798942..8799346	X:9059958..9060362	 R4:   R5:   R6:  
X:8942397..8942617	X:9203413..9203633	 R4:   R5:   R6:  
X:9494101..9494768	X:9755117..9755784	 R4:   R5:   R6:  
X:9586108..9586719	X:9846213..9846824	 R4:   R5:   R6:  
X:9786936..9787162	X:10047028..10047254	 R4:   R5:   R6:  
X:10159015..10159869	X:10418758..10419612	 R4:   R5:   R6:  
X:10291909..10292644	X:10551649..10552384	 R4:   R5:   R6:  
X:10444936..10446295	X:10704676..10706035	 R4:   R5:   R6:  
X:10475429..10476166	X:10735169..10735906	 R4:   R5:   R6:  
X:10493518..10493835	X:10753303..10753620	 R4:   R5:   R6:  
X:10625693..10626055	X:10883754..10884116	 R4:   R5:   R6:  
X:10659919..10660130	X:10917980..10918191	 R4:   R5:   R6:  
X:11038572..11038806	X:11296633..11296867	 R4:   R5:   R6:  
X:11284292..11285435	X:11542353..11543496	 R4:   R5:   R6:  
X:11360845..11361158	X:11626372..11626685	 R4:   R5:   R6:  
X:11452622..11454226	X:11718130..11719734	 R4:   R5:   R6:  
X:11768982..11769294	X:12038324..12038636	 R4:   R5:   R6:  
X:12441075..12441637	X:12710415..12710977	 R4:   R5:   R6:  
X:12471838..12472474	X:12741178..12741814	 R4:   R5:   R6:  
X:12472627..12473097	X:12741967..12742437	 R4:   R5:   R6:  
X:12649831..12650469	X:12919171..12919809	 R4:   R5:   R6:  
X:12654824..12655791	X:12924164..12925131	 R4:   R5:   R6:  
X:12800069..12800289	X:13069409..13069629	 R4:   R5:   R6:  
X:12804955..12805347	X:13074295..13074687	 R4:   R5:   R6:  
X:13008340..13008953	X:13277681..13278294	 R4:   R5:   R6:  
X:13171748..13172084	X:13441089..13441425	 R4:   R5:   R6:  
X:13268394..13268597	X:13537735..13537938	 R4:   R5:   R6:  
X:13285141..13285952	X:13554482..13555293	 R4:   R5:   R6:  
X:13344672..13345201	X:13614013..13614542	 R4:   R5:   R6:  
X:13528318..13528541	X:13797659..13797882	 R4:   R5:   R6:  
X:13721301..13721509	X:13990642..13990850	 R4:   R5:   R6:  
X:13784846..13785387	X:14054187..14054728	 R4:   R5:   R6:  
X:15193817..15194270	X:15462803..15463256	 R4:   R5:   R6:  
X:15194349..15194703	X:15463335..15463689	 R4:   R5:   R6:  
X:15327353..15327590	X:15596339..15596576	 R4:   R5:   R6:  
X:15538449..15539058	X:15807435..15808044	 R4:   R5:   R6:  
X:15694666..15695523	X:15963651..15964508	 R4:   R5:   R6:  
X:15712439..15713132	X:15981424..15982117	 R4:   R5:   R6:  
X:15735945..15736203	X:16004930..16005188	 R4:   R5:   R6:  
X:16231306..16231510	X:16500286..16500490	 R4:   R5:   R6:  
X:16674467..16674813	X:16943446..16943792	 R4:   R5:   R6:  
X:17031579..17031820	X:17300620..17300861	 R4:   R5:   R6:  
X:17411957..17412173	X:17680998..17681214	 R4:   R5:   R6:  
X:17412223..17412712	X:17681264..17681753	 R4:   R5:   R6:  
X:17465116..17465334	X:17734157..17734375	 R4:   R5:   R6:  
X:17471555..17472959	X:17740596..17742000	 R4:   R5:   R6:  
X:17475894..17476597	X:17744935..17745638	 R4:   R5:   R6:  
X:17476645..17476921	X:17745686..17745962	 R4:   R5:   R6:  
X:17489837..17490341	X:17758878..17759382	 R4:   R5:   R6:  
X:17986550..17987880	X:18255591..18256921	 R4:   R5:   R6:  
X:18081057..18081416	X:18350098..18350457	 R4:   R5:   R6:  
X:18128588..18128887	X:18397629..18397928	 R4:   R5:   R6:  
X:18170395..18170894	X:18439436..18439935	 R4:   R5:   R6:  
X:18252373..18252886	X:18521414..18521927	 R4:   R5:   R6:  
X:18298759..18299894	X:18567800..18568935	 R4:   R5:   R6:  
X:18300445..18301562	X:18569486..18570603	 R4:   R5:   R6:  
X:18373776..18374650	X:18642817..18643691	 R4:   R5:   R6:  
X:18393055..18393293	X:18662096..18662334	 R4:   R5:   R6:  
X:18402933..18403535	X:18671974..18672576	 R4:   R5:   R6:  
X:18564162..18564454	X:18833204..18833496	 R4:   R5:   R6:  
X:18726181..18726550	X:18995222..18995591	 R4:   R5:   R6:  
X:18728502..18728965	X:18997543..18998006	 R4:   R5:   R6:  
X:18730922..18731603	X:18999963..19000644	 R4:   R5:   R6:  
X:18845540..18845905	X:19114580..19114945	 R4:   R5:   R6:  
X:19039908..19040915	X:19308948..19309955	 R4:   R5:   R6:  
X:19061346..19062404	X:19330386..19331444	 R4:   R5:   R6:  
X:19068109..19068671	X:19337149..19337711	 R4:   R5:   R6:  
X:19391630..19392611	X:19660670..19661651	 R4:   R5:   R6:  
X:19392781..19393111	X:19661821..19662151	 R4:   R5:   R6:  
X:19560380..19560787	X:19829420..19829827	 R4:   R5:   R6:  
X:20248380..20249573	X:20575582..20576775	 R4:   R5:   R6:  
X:20366614..20367475	X:20694199..20695060	 R4:   R5:   R6:  
X:20391086..20391850	X:20718671..20719435	 R4:   R5:   R6:  
X:20811795..20813514	X:21139379..21141098	 R4:   R5:   R6:  
X:21152431..21152794	X:21480498..21480861	 R4:   R5:   R6:  
X:21887494..21888340	X:?..?	 R4: in area of change R5:  failed to convert R6:  failed to convert
